recipe1_id,recipe2_id,lda_ingredients
16881,16881,1.0000000468538002
16881,56927,0.0
16881,213742,0.2833158550084885
16881,16066,0.9577663708737056
16881,86047,0.0
16881,34929,0.30769215813888634
16881,14554,0.014078102464217146
16881,45954,0.0
16881,8818,0.0
16881,11758,0.29709368570903816
16881,26317,0.0
16881,158727,0.04981967540793455
16881,9023,0.9548483659960911
16881,14939,0.02552902622320341
16881,23312,0.9548483521276399
16881,26692,0.0
16881,15184,0.29709368681046494
16881,14231,0.2970936923768244
16881,10687,0.0
16881,25037,0.0
16881,10813,0.0
16881,24059,0.954848345429829
16881,9471,0.8624478616072224
16881,21712,0.021947169103700856
16881,49552,0.0
16881,17319,0.0
16881,17066,0.0
16881,50644,0.0
16881,17652,0.0
16881,21014,0.018790743629797352
16881,67952,0.0
16881,6984,0.0
16881,6820,0.22744728121437308
16881,24332,0.2970936751801277
16881,46653,0.0
16881,18906,0.0
16881,54675,0.2970936823704006
16881,6698,0.0
16881,162760,0.0
16881,12720,0.0
16881,11853,0.2970936967758786
16881,73456,0.0
16881,58112,0.9577676616781258
16881,21672,0.01407904099909273
16881,20792,0.0
16881,25874,0.0
16881,214651,0.0
16881,149310,0.03049539252706548
16881,36925,0.29709368510773304
56927,16881,0.0
56927,56927,1.0000000322087514
56927,213742,0.30097903656498975
56927,16066,0.011239807871467515
56927,86047,0.0
56927,34929,0.011232893299223307
56927,14554,0.011248954426532747
56927,45954,1.0000000446509276
56927,8818,0.0
56927,11758,0.0
56927,26317,0.0
56927,158727,0.039791191505408934
56927,9023,0.0
56927,14939,0.998542482822663
56927,23312,0.0
56927,26692,0.0
56927,15184,0.0
56927,14231,0.0
56927,10687,0.0
56927,25037,1.000000015117426
56927,10813,0.9999999717093659
56927,24059,0.0
56927,9471,0.0
56927,21712,0.017534847054580416
56927,49552,0.9999999838307069
56927,17319,1.0000000016888475
56927,17066,0.8576203184012972
56927,50644,0.999999969563933
56927,17652,0.0
56927,21014,0.9714838562684265
56927,67952,0.0
56927,6984,0.0
56927,6820,0.0
56927,24332,0.0
56927,46653,1.0000000173694739
56927,18906,0.9999999809296475
56927,54675,0.0
56927,6698,0.854973852943041
56927,162760,0.7647368917232495
56927,12720,0.1968632517401195
56927,11853,0.0
56927,73456,0.0
56927,58112,0.011247195385879519
56927,21672,0.011239470940420847
56927,20792,0.0
56927,25874,1.000000016392258
56927,214651,0.0
56927,149310,0.024390384792811227
56927,36925,0.0
213742,16881,0.2832515714295502
213742,56927,0.3010200063090407
213742,213742,1.000000001643266
213742,16066,0.014105092813887832
213742,86047,0.0
213742,34929,0.9565779231683169
213742,14554,0.014109940096135403
213742,45954,0.3010200080897531
213742,8818,0.0
213742,11758,0.9536178175485013
213742,26317,0.0
213742,158727,0.04991826949663455
213742,9023,0.0
213742,14939,0.3200289140480534
213742,23312,0.0
213742,26692,0.0
213742,15184,0.9536177960867456
213742,14231,0.9536177847115441
213742,10687,0.0
213742,25037,0.30102000987847805
213742,10813,0.3010200141992332
213742,24059,0.0
213742,9471,0.0
213742,21712,0.02199943421719924
213742,49552,0.30102002028872893
213742,17319,0.30102000389230205
213742,17066,0.258127696053577
213742,50644,0.3010200101449844
213742,17652,0.0
213742,21014,0.30539079331292146
213742,67952,0.0
213742,6984,0.0
213742,6820,0.7301151784786467
213742,24332,0.9536178184618462
213742,46653,0.30102001506078224
213742,18906,0.3010199999049553
213742,54675,0.9536178572435559
213742,6698,0.2573596392695966
213742,162760,0.23020046593867988
213742,12720,0.05194255581530008
213742,11853,0.9536178129258829
213742,73456,0.0
213742,58112,0.014112646596982727
213742,21672,0.014100817127037622
213742,20792,0.0
213742,25874,0.3010200139860828
213742,214651,0.0
213742,149310,0.030574021243339865
213742,36925,0.953617845922999
16066,16881,0.9577730821359526
16066,56927,0.01123981693753207
16066,213742,0.014103594503581361
16066,16066,0.9999999999831041
16066,86047,0.011232859545715143
16066,34929,0.023226879970786412
16066,14554,0.023228865185168167
16066,45954,0.011239816331431968
16066,8818,0.011236347915547576
16066,11758,0.011242538087087162
16066,26317,0.011232859875362895
16066,158727,0.05363035899305065
16066,9023,0.9995580616008356
16066,14939,0.0329805443747448
16066,23312,0.9995580305491216
16066,26692,0.011236755948561656
16066,15184,0.011242537778032056
16066,14231,0.011242538428555554
16066,10687,0.011236756357721315
16066,25037,0.011239816920456572
16066,10813,0.01123981694118309
16066,24059,0.9995580618454237
16066,9471,0.9076593854262893
16066,21712,0.029922966466456837
16066,49552,0.011239817194114023
16066,17319,0.011239817062174392
16066,17066,0.01541915633482669
16066,50644,0.011239816765558594
16066,17652,0.015615049040445923
16066,21014,0.02986243727458564
16066,67952,0.011232860286735376
16066,6984,0.011236755774706089
16066,6820,0.015836070421193796
16066,24332,0.011242537669685677
16066,46653,0.011239816808495071
16066,18906,0.011239816872549031
16066,54675,0.011242538517606118
16066,6698,0.017759012015551304
16066,162760,0.015835589364014913
16066,12720,0.011506023523239215
16066,11853,0.011242537802826495
16066,73456,0.011232859811640268
16066,58112,1.000000035544245
16066,21672,0.023231022012085087
16066,20792,0.011236755664818805
16066,25874,0.011239816586041835
16066,214651,0.01123675550585299
16066,149310,0.03719885896486749
16066,36925,0.011242537894110815
86047,16881,0.0
86047,56927,0.0
86047,213742,0.0
86047,16066,0.011232857696581134
86047,86047,1.0000000000017575
86047,34929,0.011232327624414654
86047,14554,0.01124493356269171
86047,45954,0.0
86047,8818,0.0
86047,11758,0.0
86047,26317,0.9999999997702929
86047,158727,0.03978791761398342
86047,9023,0.0
86047,14939,0.020392099237378156
86047,23312,0.0
86047,26692,0.0
86047,15184,0.0
86047,14231,0.0
86047,10687,0.0
86047,25037,0.0
86047,10813,0.0
86047,24059,0.0
86047,9471,0.0
86047,21712,0.01753068343116195
86047,49552,0.0
86047,17319,0.0
86047,17066,0.0
86047,50644,0.0
86047,17652,0.5675450802809903
86047,21014,0.015919320477316288
86047,67952,1.0000000271627143
86047,6984,0.0
86047,6820,0.0
86047,24332,0.0
86047,46653,0.0
86047,18906,0.0
86047,54675,0.0
86047,6698,0.30833265311160296
86047,162760,0.0
86047,12720,0.0
86047,11853,0.0
86047,73456,1.0000000311758652
86047,58112,0.011245258002897175
86047,21672,0.011236151150560111
86047,20792,0.0
86047,25874,0.0
86047,214651,0.0
86047,149310,0.9979207551469498
86047,36925,0.0
34929,16881,0.30755097074150534
34929,56927,0.011232893886542385
34929,213742,0.956589280653177
34929,16066,0.023226734884641765
34929,86047,0.011232327379040383
34929,34929,1.000000000004229
34929,14554,0.023230429503660735
34929,45954,0.01123289419844888
34929,8818,0.011236012684458245
34929,11758,0.9995582601487484
34929,26317,0.011232326888732611
34929,158727,0.05361881662733908
34929,9023,0.011237095027070397
34929,14939,0.03297604613123607
34929,23312,0.01123709483673406
34929,26692,0.011231484425243916
34929,15184,0.9995582678267181
34929,14231,0.999558302218594
34929,10687,0.011231484478263472
34929,25037,0.011232894081407195
34929,10813,0.011232893816271669
34929,24059,0.011237095493300273
34929,9471,0.01496885189828344
34929,21712,0.029927637401360986
34929,49552,0.011232893873082525
34929,17319,0.011232893583381417
34929,17066,0.015410784859888968
34929,50644,0.011232893288877343
34929,17652,0.015610412061640563
34929,21014,0.02498002328810892
34929,67952,0.011232327594327724
34929,6984,0.011231485026348088
34929,6820,0.7724600168085546
34929,24332,0.9995582896584293
34929,46653,0.011232894283153754
34929,18906,0.011232893784025767
34929,54675,0.9995582600181054
34929,6698,0.01775248219745588
34929,162760,0.015827321778866442
34929,12720,0.013203995814771365
34929,11853,0.9995582429305219
34929,73456,0.011232326776810388
34929,58112,0.02323369078775947
34929,21672,0.023217756151834707
34929,20792,0.011231484813206937
34929,25874,0.011232894244674323
34929,214651,0.011231484860877486
34929,149310,0.03720092161211928
34929,36925,0.9995582633877047
14554,16881,0.014077744471039093
14554,56927,0.011247819145805426
14554,213742,0.01410938544060381
14554,16066,0.02322889439604356
14554,86047,0.011244923789276526
14554,34929,0.023229683927130453
14554,14554,1.0000000000060698
14554,45954,0.011247818728739038
14554,8818,0.9995576366417259
14554,11758,0.01124606545946244
14554,26317,0.011244924237070223
14554,158727,0.05361545222936437
14554,9023,0.011244714994473196
14554,14939,0.03298328978572241
14554,23312,0.011244715026176523
14554,26692,0.011239006858651276
14554,15184,0.01124606579646932
14554,14231,0.011246065871413755
14554,10687,0.01123900687742824
14554,25037,0.011247819431218305
14554,10813,0.011247819412146089
14554,24059,0.011244714675762026
14554,9471,0.01497890019892571
14554,21712,0.029921654152976266
14554,49552,0.01124781935019714
14554,17319,0.011247818460787694
14554,17066,0.015427542796960805
14554,50644,0.011247819093154117
14554,17652,0.01563539888270909
14554,21014,0.030137410473711698
14554,67952,0.011244923750790755
14554,6984,0.011239007051991145
14554,6820,0.015840192628339703
14554,24332,0.011246066183217517
14554,46653,0.011247819034768475
14554,18906,0.011247819127139866
14554,54675,0.011246065952205215
14554,6698,0.017770858292630275
14554,162760,0.015843266910466242
14554,12720,0.9829929443286033
14554,11853,0.011246065969034652
14554,73456,0.011244923507059964
14554,58112,0.023251814094206173
14554,21672,0.02322127087421813
14554,20792,0.011239007093174448
14554,25874,0.011247818644961462
14554,214651,0.011239006858232153
14554,149310,0.037212556836963985
14554,36925,0.011246065836447394
45954,16881,0.0
45954,56927,0.9999999846599735
45954,213742,0.30094743574003807
45954,16066,0.011239808580310012
45954,86047,0.0
45954,34929,0.011232892514487775
45954,14554,0.011250549464086388
45954,45954,1.0000000000000089
45954,8818,0.0
45954,11758,0.0
45954,26317,0.0
45954,158727,0.039791205532601556
45954,9023,0.0
45954,14939,0.9985424364066909
45954,23312,0.0
45954,26692,0.0
45954,15184,0.0
45954,14231,0.0
45954,10687,0.0
45954,25037,1.0000000120546428
45954,10813,0.9999999985638065
45954,24059,0.0
45954,9471,0.0
45954,21712,0.017534752586760825
45954,49552,0.9999999850850838
45954,17319,1.0000000138267853
45954,17066,0.8575760441219518
45954,50644,1.0000000058570577
45954,17652,0.0
45954,21014,0.9440832425202399
45954,67952,0.0
45954,6984,0.0
45954,6820,0.0
45954,24332,0.0
45954,46653,1.0000000309248844
45954,18906,1.0000000078682643
45954,54675,0.0
45954,6698,0.8550522217097825
45954,162760,0.764684027512699
45954,12720,0.20109815425424055
45954,11853,0.0
45954,73456,0.0
45954,58112,0.011247198528485795
45954,21672,0.011239474618237724
45954,20792,0.0
45954,25874,1.000000033167766
45954,214651,0.0
45954,149310,0.024387539988087608
45954,36925,0.0
8818,16881,0.0
8818,56927,0.0
8818,213742,0.0
8818,16066,0.011236352599565234
8818,86047,0.0
8818,34929,0.011236016098689745
8818,14554,0.9995576509302578
8818,45954,0.0
8818,8818,1.000000000000002
8818,11758,0.0
8818,26317,0.0
8818,158727,0.03977984453250192
8818,9023,0.0
8818,14939,0.020384978432944328
8818,23312,0.0
8818,26692,0.0
8818,15184,0.0
8818,14231,0.0
8818,10687,0.0
8818,25037,0.0
8818,10813,0.0
8818,24059,0.0
8818,9471,0.0
8818,21712,0.017527102149558
8818,49552,0.0
8818,17319,0.0
8818,17066,0.0
8818,50644,0.0
8818,17652,0.0
8818,21014,0.015497763599510347
8818,67952,0.0
8818,6984,0.0
8818,6820,0.0
8818,24332,0.0
8818,46653,0.0
8818,18906,0.0
8818,54675,0.0
8818,6698,0.0
8818,162760,0.0
8818,12720,0.9999999915260139
8818,11853,0.0
8818,73456,0.0
8818,58112,0.011258018196816483
8818,21672,0.011234256416575418
8818,20792,0.0
8818,25874,0.0
8818,214651,0.0
8818,149310,0.024359027847739637
8818,36925,0.0
11758,16881,0.2970430202816335
11758,56927,0.0
11758,213742,0.9536553165695195
11758,16066,0.011242664506872429
11758,86047,0.0
11758,34929,0.9995582600853394
11758,14554,0.011246495339504985
11758,45954,0.0
11758,8818,0.0
11758,11758,1.0000000000000002
11758,26317,0.0
11758,158727,0.03978567784057679
11758,9023,0.0
11758,14939,0.02039350998157547
11758,23312,0.0
11758,26692,0.0
11758,15184,1.0000000151267796
11758,14231,1.0000000384217975
11758,10687,0.0
11758,25037,0.0
11758,10813,0.0
11758,24059,0.0
11758,9471,0.0
11758,21712,0.017534395151429884
11758,49552,0.0
11758,17319,0.0
11758,17066,0.0
11758,50644,0.0
11758,17652,0.0
11758,21014,0.015246920331099336
11758,67952,0.0
11758,6984,0.0
11758,6820,0.7656238691817632
11758,24332,1.0000000032581595
11758,46653,0.0
11758,18906,0.0
11758,54675,1.0000000442210184
11758,6698,0.0
11758,162760,0.0
11758,12720,0.0
11758,11853,1.0000000329160854
11758,73456,0.0
11758,58112,0.011248773953115557
11758,21672,0.011238787732983544
11758,20792,0.0
11758,25874,0.0
11758,214651,0.0
11758,149310,0.024360827879872586
11758,36925,1.0000000514160077
26317,16881,0.0
26317,56927,0.0
26317,213742,0.0
26317,16066,0.011232859230062741
26317,86047,0.9999999674643393
26317,34929,0.011232326565306356
26317,14554,0.01124496020502467
26317,45954,0.0
26317,8818,0.0
26317,11758,0.0
26317,26317,1.0000000000000722
26317,158727,0.039787913380516224
26317,9023,0.0
26317,14939,0.020392079337784152
26317,23312,0.0
26317,26692,0.0
26317,15184,0.0
26317,14231,0.0
26317,10687,0.0
26317,25037,0.0
26317,10813,0.0
26317,24059,0.0
26317,9471,0.0
26317,21712,0.01753068818488862
26317,49552,0.0
26317,17319,0.0
26317,17066,0.0
26317,50644,0.0
26317,17652,0.5640311011570956
26317,21014,0.01432508029633772
26317,67952,0.9999999816641089
26317,6984,0.0
26317,6820,0.0
26317,24332,0.0
26317,46653,0.0
26317,18906,0.0
26317,54675,0.0
26317,6698,0.3085127535917712
26317,162760,0.0
26317,12720,0.0
26317,11853,0.0
26317,73456,0.999999978646461
26317,58112,0.011245256245075268
26317,21672,0.01123613550896088
26317,20792,0.0
26317,25874,0.0
26317,214651,0.0
26317,149310,0.9979208984939032
26317,36925,0.0
158727,16881,0.04981509140428478
158727,56927,0.03979121717991282
158727,213742,0.049916811809841984
158727,16066,0.053630502429713796
158727,86047,0.03978792923171012
158727,34929,0.05361883157689709
158727,14554,0.053615429781752315
158727,45954,0.03979121512287683
158727,8818,0.03977985025778519
158727,11758,0.039785678347846354
158727,26317,0.0397879291443104
158727,158727,0.9999999517086262
158727,9023,0.039796689468802875
158727,14939,0.06492668127431069
158727,23312,0.039796689915730564
158727,26692,0.039779843501043084
158727,15184,0.03978567794033959
158727,14231,0.03978567815411953
158727,10687,0.03977984370684087
158727,25037,0.03979121712397095
158727,10813,0.039791215663447406
158727,24059,0.03979668921925232
158727,9471,0.053014671174314014
158727,21712,0.9982564739681618
158727,49552,0.0397912153865281
158727,17319,0.03979121612930742
158727,17066,0.054586486496109775
158727,50644,0.03979121557349934
158727,17652,0.055292652126915025
158727,21014,0.0681339582980752
158727,67952,0.039787929476735324
158727,6984,0.03977984566542023
158727,6820,0.056051015775219495
158727,24332,0.039785677050440164
158727,46653,0.03979121770409233
158727,18906,0.039791215477585844
158727,54675,0.03978567867077389
158727,6698,0.06287555085235413
158727,162760,0.05606195418018726
158727,12720,0.0465110419295775
158727,11853,0.03978567814442149
158727,73456,0.03978792868125933
158727,58112,0.0536363849640201
158727,21672,0.053614409499701164
158727,20792,0.03977984561532917
158727,25874,0.039791217736495486
158727,214651,0.039779844730322325
158727,149310,0.06972866583166808
158727,36925,0.039785676713879836
9023,16881,0.9548879831076706
9023,56927,0.0
9023,213742,0.0
9023,16066,0.9995580601367338
9023,86047,0.0
9023,34929,0.011237097132135434
9023,14554,0.011244716940172839
9023,45954,0.0
9023,8818,0.0
9023,11758,0.0
9023,26317,0.0
9023,158727,0.039796611794005524
9023,9023,1.0000000000000193
9023,14939,0.020390947606305606
9023,23312,1.0000000328696939
9023,26692,0.0
9023,15184,0.0
9023,14231,0.0
9023,10687,0.0
9023,25037,0.0
9023,10813,0.0
9023,24059,0.9999999948804599
9023,9471,0.9032276545387167
9023,21712,0.017529284683447097
9023,49552,0.0
9023,17319,0.0
9023,17066,0.0
9023,50644,0.0
9023,17652,0.0
9023,21014,0.015344868274370753
9023,67952,0.0
9023,6984,0.0
9023,6820,0.0
9023,24332,0.0
9023,46653,0.0
9023,18906,0.0
9023,54675,0.0
9023,6698,0.0
9023,162760,0.0
9023,12720,0.15951895377456418
9023,11853,0.0
9023,73456,0.0
9023,58112,0.9995574211036631
9023,21672,0.011246832154734092
9023,20792,0.0
9023,25874,0.0
9023,214651,0.0
9023,149310,0.024357717916846922
9023,36925,0.0
14939,16881,0.02552906425225689
14939,56927,0.9985424574385403
14939,213742,0.32002412194445923
14939,16066,0.0329806372588362
14939,86047,0.02039215121171241
14939,34929,0.032976043403050145
14939,14554,0.03298322211374785
14939,45954,0.9985424519161844
14939,8818,0.020385027229943238
14939,11758,0.02039354777423376
14939,26317,0.020392151832122632
14939,158727,0.06493018788244284
14939,9023,0.02039096988074452
14939,14939,1.0000000388059238
14939,23312,0.02039096841880008
14939,26692,0.02040955980373294
14939,15184,0.02039354858658324
14939,14231,0.020393547686396597
14939,10687,0.02040955977693496
14939,25037,0.9985424829216081
14939,10813,0.9985424658039099
14939,24059,0.020390969870714377
14939,9471,0.027175191006503216
14939,21712,0.040074833757224405
14939,49552,0.9985424969752031
14939,17319,0.998542461573827
14939,17066,0.8668106250977465
14939,50644,0.9985424738965881
14939,17652,0.028355679035386577
14939,21014,0.959023532292334
14939,67952,0.020392151915350144
14939,6984,0.020409560032010207
14939,6820,0.028743056394251724
14939,24332,0.02039354799675294
14939,46653,0.9985424618429425
14939,18906,0.998542453742984
14939,54675,0.020393547868330877
14939,6698,0.8685603976206588
14939,162760,0.7767017584420615
14939,12720,0.21665259541034357
14939,11853,0.020393548297645052
14939,73456,0.02039215028102952
14939,58112,0.03298897375547032
14939,21672,0.03299883462446697
14939,20792,0.020409559576140462
14939,25874,0.998542475915501
14939,214651,0.020409560908297708
14939,149310,0.047683579323957705
14939,36925,0.020393548398206826
23312,16881,0.954899769395095
23312,56927,0.0
23312,213742,0.0
23312,16066,0.9995580690540438
23312,86047,0.0
23312,34929,0.011237083782585734
23312,14554,0.011244706800070526
23312,45954,0.0
23312,8818,0.0
23312,11758,0.0
23312,26317,0.0
23312,158727,0.039796511564677915
23312,9023,1.0000000001319476
23312,14939,0.020390903799380487
23312,23312,0.9999999672482134
23312,26692,0.0
23312,15184,0.0
23312,14231,0.0
23312,10687,0.0
23312,25037,0.0
23312,10813,0.0
23312,24059,1.0000000155258137
23312,9471,0.9032635012827862
23312,21712,0.01752928325535693
23312,49552,0.0
23312,17319,0.0
23312,17066,0.0
23312,50644,0.0
23312,17652,0.0
23312,21014,0.015420262209484337
23312,67952,0.0
23312,6984,0.0
23312,6820,0.0
23312,24332,0.0
23312,46653,0.0
23312,18906,0.0
23312,54675,0.0
23312,6698,0.0
23312,162760,0.0
23312,12720,0.0
23312,11853,0.0
23312,73456,0.0
23312,58112,0.9995574329427239
23312,21672,0.011249325797512807
23312,20792,0.0
23312,25874,0.0
23312,214651,0.0
23312,149310,0.0243578437968635
23312,36925,0.0
26692,16881,0.0
26692,56927,0.0
26692,213742,0.0
26692,16066,0.01123675232689036
26692,86047,0.0
26692,34929,0.01123148338480289
26692,14554,0.011239014172299767
26692,45954,0.0
26692,8818,0.0
26692,11758,0.0
26692,26317,0.0
26692,158727,0.03977983234260005
26692,9023,0.0
26692,14939,0.02040944244493805
26692,23312,0.0
26692,26692,1.0
26692,15184,0.0
26692,14231,0.0
26692,10687,0.9999999720549942
26692,25037,0.0
26692,10813,0.0
26692,24059,0.0
26692,9471,0.42911116210896944
26692,21712,0.01753439566973629
26692,49552,0.0
26692,17319,0.0
26692,17066,0.5144177654498285
26692,50644,0.0
26692,17652,0.8257222438022654
26692,21014,0.38957810946137733
26692,67952,0.0
26692,6984,0.9999999614012426
26692,6820,0.6432123488412763
26692,24332,0.0
26692,46653,0.0
26692,18906,0.0
26692,54675,0.0
26692,6698,0.4169409580906499
26692,162760,0.6443548497352272
26692,12720,0.0
26692,11853,0.0
26692,73456,0.0
26692,58112,0.01123924168515886
26692,21672,0.9995579766939461
26692,20792,0.999999961347909
26692,25874,0.0
26692,214651,0.9999999861632495
26692,149310,0.024370749395386408
26692,36925,0.0
15184,16881,0.2969723374145778
15184,56927,0.0
15184,213742,0.9536210919217312
15184,16066,0.011242521881327478
15184,86047,0.0
15184,34929,0.9995582435551871
15184,14554,0.01124601931286674
15184,45954,0.0
15184,8818,0.0
15184,11758,1.000000047876885
15184,26317,0.0
15184,158727,0.039785667514416714
15184,9023,0.0
15184,14939,0.02039348031602191
15184,23312,0.0
15184,26692,0.0
15184,15184,1.0000000325940839
15184,14231,1.0000000326406149
15184,10687,0.0
15184,25037,0.0
15184,10813,0.0
15184,24059,0.0
15184,9471,0.0
15184,21712,0.017534403723257104
15184,49552,0.0
15184,17319,0.0
15184,17066,0.0
15184,50644,0.0
15184,17652,0.0
15184,21014,0.015649182636364996
15184,67952,0.0
15184,6984,0.0
15184,6820,0.7656847082418934
15184,24332,0.999999975342998
15184,46653,0.0
15184,18906,0.0
15184,54675,1.0000000326675813
15184,6698,0.0
15184,162760,0.0
15184,12720,0.0
15184,11853,0.9999999934277709
15184,73456,0.0
15184,58112,0.01124875178937844
15184,21672,0.011238796591952692
15184,20792,0.0
15184,25874,0.0
15184,214651,0.0
15184,149310,0.024361062535846134
15184,36925,1.000000027389343
14231,16881,0.2969928129640147
14231,56927,0.0
14231,213742,0.9536522097108491
14231,16066,0.011242445521876794
14231,86047,0.0
14231,34929,0.9995582414207795
14231,14554,0.011245934531225146
14231,45954,0.0
14231,8818,0.0
14231,11758,1.000000038108491
14231,26317,0.0
14231,158727,0.039785670776607836
14231,9023,0.0
14231,14939,0.02039356165174792
14231,23312,0.0
14231,26692,0.0
14231,15184,1.0000000000459128
14231,14231,1.000000000000019
14231,10687,0.0
14231,25037,0.0
14231,10813,0.0
14231,24059,0.0
14231,9471,0.0
14231,21712,0.017534395767746146
14231,49552,0.0
14231,17319,0.0
14231,17066,0.0
14231,50644,0.0
14231,17652,0.0
14231,21014,0.015124809740548865
14231,67952,0.0
14231,6984,0.0
14231,6820,0.7656787969573551
14231,24332,0.9999999998517545
14231,46653,0.0
14231,18906,0.0
14231,54675,1.0000000000033993
14231,6698,0.0
14231,162760,0.0
14231,12720,0.0
14231,11853,0.9999999835168756
14231,73456,0.0
14231,58112,0.011248755334657459
14231,21672,0.011238784823341409
14231,20792,0.0
14231,25874,0.0
14231,214651,0.0
14231,149310,0.024361012448614373
14231,36925,1.0000000048723967
10687,16881,0.0
10687,56927,0.0
10687,213742,0.0
10687,16066,0.011236755093139355
10687,86047,0.0
10687,34929,0.011231483946262298
10687,14554,0.011239003168651045
10687,45954,0.0
10687,8818,0.0
10687,11758,0.0
10687,26317,0.0
10687,158727,0.039779833118900335
10687,9023,0.0
10687,14939,0.020409554872472688
10687,23312,0.0
10687,26692,0.9999999753234095
10687,15184,0.0
10687,14231,0.0
10687,10687,1.0000000327518777
10687,25037,0.0
10687,10813,0.0
10687,24059,0.0
10687,9471,0.429105691009539
10687,21712,0.017534360021783983
10687,49552,0.0
10687,17319,0.0
10687,17066,0.5143042754571492
10687,50644,0.0
10687,17652,0.8257138104481475
10687,21014,0.3067700976923046
10687,67952,0.0
10687,6984,1.0000000276236742
10687,6820,0.6432830499481428
10687,24332,0.0
10687,46653,0.0
10687,18906,0.0
10687,54675,0.0
10687,6698,0.4169358977192313
10687,162760,0.6442441075859988
10687,12720,0.0
10687,11853,0.0
10687,73456,0.0
10687,58112,0.01123923646460858
10687,21672,0.9995579792798523
10687,20792,1.0000000050082738
10687,25874,0.0
10687,214651,0.9999999866827027
10687,149310,0.02437092171502773
10687,36925,0.0
25037,16881,0.0
25037,56927,1.0000000114337033
25037,213742,0.3009594745250769
25037,16066,0.011239808608583795
25037,86047,0.0
25037,34929,0.011232892987773566
25037,14554,0.011247978719716747
25037,45954,1.000000009355783
25037,8818,0.0
25037,11758,0.0
25037,26317,0.0
25037,158727,0.03979120497964218
25037,9023,0.0
25037,14939,0.9985424865928003
25037,23312,0.0
25037,26692,0.0
25037,15184,0.0
25037,14231,0.0
25037,10687,0.0
25037,25037,1.0000000000000002
25037,10813,1.0000000349501104
25037,24059,0.0
25037,9471,0.0
25037,21712,0.01753478572762659
25037,49552,0.9999999905312653
25037,17319,1.0000000045655322
25037,17066,0.8576523644416149
25037,50644,1.0000000221405865
25037,17652,0.0
25037,21014,0.9667680908491877
25037,67952,0.0
25037,6984,0.0
25037,6820,0.0
25037,24332,0.0
25037,46653,1.0000000164624252
25037,18906,0.9999999763148929
25037,54675,0.0
25037,6698,0.8549385552961314
25037,162760,0.7648432382392305
25037,12720,0.19663168661846117
25037,11853,0.0
25037,73456,0.0
25037,58112,0.011247196500319568
25037,21672,0.0112394767189223
25037,20792,0.0
25037,25874,1.0000000158671514
25037,214651,0.0
25037,149310,0.024399143047602496
25037,36925,0.0
10813,16881,0.0
10813,56927,0.9999999758929863
10813,213742,0.30093773653088424
10813,16066,0.01123981604914299
10813,86047,0.0
10813,34929,0.011232893322335562
10813,14554,0.011247965277364165
10813,45954,1.0000000472795498
10813,8818,0.0
10813,11758,0.0
10813,26317,0.0
10813,158727,0.03979121453700177
10813,9023,0.0
10813,14939,0.9985425192190647
10813,23312,0.0
10813,26692,0.0
10813,15184,0.0
10813,14231,0.0
10813,10687,0.0
10813,25037,1.0000000060794823
10813,10813,1.0000000000017575
10813,24059,0.0
10813,9471,0.0
10813,21712,0.01753473905934209
10813,49552,0.9999999767700221
10813,17319,1.0000000090895098
10813,17066,0.8575363035667262
10813,50644,1.0000000086675993
10813,17652,0.0
10813,21014,0.9679059873670546
10813,67952,0.0
10813,6984,0.0
10813,6820,0.0
10813,24332,0.0
10813,46653,1.000000022143513
10813,18906,1.0000000495538286
10813,54675,0.0
10813,6698,0.8549237875342693
10813,162760,0.7646432658608467
10813,12720,0.11233002119656246
10813,11853,0.0
10813,73456,0.0
10813,58112,0.011247200946237176
10813,21672,0.011239472381171033
10813,20792,0.0
10813,25874,1.0000000320453593
10813,214651,0.0
10813,149310,0.024388321103643987
10813,36925,0.0
24059,16881,0.9548863444051627
24059,56927,0.0
24059,213742,0.0
24059,16066,0.9995580382097949
24059,86047,0.0
24059,34929,0.011237074346005141
24059,14554,0.011244724396376837
24059,45954,0.0
24059,8818,0.0
24059,11758,0.0
24059,26317,0.0
24059,158727,0.039796537851443
24059,9023,1.0000000096079042
24059,14939,0.020390964897722148
24059,23312,0.9999999904294553
24059,26692,0.0
24059,15184,0.0
24059,14231,0.0
24059,10687,0.0
24059,25037,0.0
24059,10813,0.0
24059,24059,1.0
24059,9471,0.9032522618956964
24059,21712,0.01752928102634665
24059,49552,0.0
24059,17319,0.0
24059,17066,0.0
24059,50644,0.0
24059,17652,0.0
24059,21014,0.015506743910197886
24059,67952,0.0
24059,6984,0.0
24059,6820,0.0
24059,24332,0.0
24059,46653,0.0
24059,18906,0.0
24059,54675,0.0
24059,6698,0.0
24059,162760,0.0
24059,12720,0.0
24059,11853,0.0
24059,73456,0.0
24059,58112,0.9995574220923001
24059,21672,0.011246958382674633
24059,20792,0.0
24059,25874,0.0
24059,214651,0.0
24059,149310,0.02435781899844676
24059,36925,0.0
9471,16881,0.862480267272981
9471,56927,0.0
9471,213742,0.0
9471,16066,0.907671269309242
9471,86047,0.0
9471,34929,0.014969533590088376
9471,14554,0.014979625488915101
9471,45954,0.0
9471,8818,0.0
9471,11758,0.0
9471,26317,0.0
9471,158727,0.053016442379682546
9471,9023,0.9032486154935068
9471,14939,0.027176103436376504
9471,23312,0.9032485815684623
9471,26692,0.4291176625673092
9471,15184,0.0
9471,14231,0.0
9471,10687,0.4291176624050818
9471,25037,0.0
9471,10813,0.0
9471,24059,0.9032485755973207
9471,9471,0.9999999721996747
9471,21712,0.023357615544670265
9471,49552,0.0
9471,17319,0.0
9471,17066,0.22077763832127129
9471,50644,0.0
9471,17652,0.3542841663205768
9471,21014,0.15150993245485886
9471,67952,0.0
9471,6984,0.4291176807304735
9471,6820,0.2760328181541978
9471,24332,0.0
9471,46653,0.0
9471,18906,0.0
9471,54675,0.0
9471,6698,0.17891151318736956
9471,162760,0.27653941075275235
9471,12720,0.0
9471,11853,0.0
9471,73456,0.0
9471,58112,0.9076717862122688
9471,21672,0.4390869048310328
9471,20792,0.42911768988759774
9471,25874,0.0
9471,214651,0.4291176865604908
9471,149310,0.032458970015915634
9471,36925,0.0
21712,16881,0.021945481529253894
21712,56927,0.017534771515189475
21712,213742,0.02199820123931888
21712,16066,0.02992296728863069
21712,86047,0.017530684401412994
21712,34929,0.02992764003501952
21712,14554,0.0299216371961682
21712,45954,0.017534771449650915
21712,8818,0.017527101926057522
21712,11758,0.017534401712133687
21712,26317,0.01753068487798952
21712,158727,0.9982565314559837
21712,9023,0.017529282958781416
21712,14939,0.04007347083645127
21712,23312,0.017529283137137603
21712,26692,0.017534393065064185
21712,15184,0.017534401410011075
21712,14231,0.01753440106402556
21712,10687,0.01753439259190353
21712,25037,0.017534771410130233
21712,10813,0.017534771801216285
21712,24059,0.017529283034810238
21712,9471,0.023358135669724576
21712,21712,1.0000000000000029
21712,49552,0.01753477124698302
21712,17319,0.017534771043166187
21712,17066,0.024056098616882668
21712,50644,0.01753477202316447
21712,17652,0.024366886297728436
21712,21014,0.038557218069191934
21712,67952,0.017530684656891823
21712,6984,0.01753439251568783
21712,6820,0.024704476859284792
21712,24332,0.01753440101217383
21712,46653,0.01753477138917694
21712,18906,0.017534771982621683
21712,54675,0.017534401377377086
21712,6698,0.027709862127692903
21712,162760,0.024707766555112923
21712,12720,0.020636412517018875
21712,11853,0.017534401726871155
21712,73456,0.017530684276613976
21712,58112,0.02992776685319722
21712,21672,0.029928403243634664
21712,20792,0.017534393130612662
21712,25874,0.017534771189144448
21712,214651,0.017534393069928936
21712,149310,0.044373706449487266
21712,36925,0.017534401271908664
49552,16881,0.0
49552,56927,1.000000010025016
49552,213742,0.30099134657604953
49552,16066,0.011239815018157332
49552,86047,0.0
49552,34929,0.011232893157436783
49552,14554,0.011249177830364701
49552,45954,0.9999999889781801
49552,8818,0.0
49552,11758,0.0
49552,26317,0.0
49552,158727,0.0397912275521258
49552,9023,0.0
49552,14939,0.9985425207237048
49552,23312,0.0
49552,26692,0.0
49552,15184,0.0
49552,14231,0.0
49552,10687,0.0
49552,25037,1.00000000289601
49552,10813,1.0000000006723395
49552,24059,0.0
49552,9471,0.0
49552,21712,0.01753481975588907
49552,49552,1.000000000000002
49552,17319,0.9999999568392132
49552,17066,0.857633070091858
49552,50644,0.9999999876343243
49552,17652,0.0
49552,21014,0.9591407160418061
49552,67952,0.0
49552,6984,0.0
49552,6820,0.0
49552,24332,0.0
49552,46653,0.9999999795393303
49552,18906,0.9999999626676663
49552,54675,0.0
49552,6698,0.8549319231727059
49552,162760,0.7646038216591948
49552,12720,0.19057625419167037
49552,11853,0.0
49552,73456,0.0
49552,58112,0.011247197913075406
49552,21672,0.011239475090108865
49552,20792,0.0
49552,25874,1.0000000367226234
49552,214651,0.0
49552,149310,0.024387689230301584
49552,36925,0.0
17319,16881,0.0
17319,56927,0.99999995401534
17319,213742,0.300926779853276
17319,16066,0.011239809922264147
17319,86047,0.0
17319,34929,0.011232891487827284
17319,14554,0.011247553676399805
17319,45954,0.9999999654419791
17319,8818,0.0
17319,11758,0.0
17319,26317,0.0
17319,158727,0.03979121933714588
17319,9023,0.0
17319,14939,0.998542488385105
17319,23312,0.0
17319,26692,0.0
17319,15184,0.0
17319,14231,0.0
17319,10687,0.0
17319,25037,0.9999999901891715
17319,10813,0.9999999749607462
17319,24059,0.0
17319,9471,0.0
17319,21712,0.0175348160384731
17319,49552,0.9999999582642053
17319,17319,1.000000000000124
17319,17066,0.857487287886068
17319,50644,0.9999999848974599
17319,17652,0.0
17319,21014,0.942491797279097
17319,67952,0.0
17319,6984,0.0
17319,6820,0.0
17319,24332,0.0
17319,46653,0.9999999641876817
17319,18906,1.0000000186236984
17319,54675,0.0
17319,6698,0.8549885121643434
17319,162760,0.7648550912458597
17319,12720,0.0
17319,11853,0.0
17319,73456,0.0
17319,58112,0.011247198028137922
17319,21672,0.01123947881223198
17319,20792,0.0
17319,25874,0.9999999717043434
17319,214651,0.0
17319,149310,0.02439487479147834
17319,36925,0.0
17066,16881,0.0
17066,56927,0.8575121668703786
17066,213742,0.25802290732528377
17066,16066,0.015419175194205494
17066,86047,0.0
17066,34929,0.015410533332792603
17066,14554,0.015426875866406899
17066,45954,0.8575121678951809
17066,8818,0.0
17066,11758,0.0
17066,26317,0.0
17066,158727,0.05458671401951528
17066,9023,0.0
17066,14939,0.8667623071525656
17066,23312,0.0
17066,26692,0.5144637058646598
17066,15184,0.0
17066,14231,0.0
17066,10687,0.5144636736823085
17066,25037,0.8575122069077158
17066,10813,0.8575121957905131
17066,24059,0.0
17066,9471,0.2207379835662099
17066,21712,0.024057043867957907
17066,49552,0.8575121411854665
17066,17319,0.8575121436325424
17066,17066,1.0000000153077777
17066,50644,0.8575121331909538
17066,17652,0.4247816416341531
17066,21014,0.9752402000952259
17066,67952,0.0
17066,6984,0.5144637154021068
17066,6820,0.3309352910816634
17066,24332,0.0
17066,46653,0.857512152032852
17066,18906,0.8575121773839178
17066,54675,0.0
17066,6698,0.9476716231575744
17066,162760,0.9872600496293626
17066,12720,0.16877106547022333
17066,11853,0.0
17066,73456,0.0
17066,58112,0.015426794930366548
17066,21672,0.523874261471372
17066,20792,0.5144637075595018
17066,25874,0.8575121745104545
17066,214651,0.5144637204255906
17066,149310,0.03345366424782192
17066,36925,0.0
50644,16881,0.0
50644,56927,0.9999999771244383
50644,213742,0.3010127273422766
50644,16066,0.011239810614884568
50644,86047,0.0
50644,34929,0.011232893554717713
50644,14554,0.01124799390827188
50644,45954,1.0000000189690341
50644,8818,0.0
50644,11758,0.0
50644,26317,0.0
50644,158727,0.039791204461056516
50644,9023,0.0
50644,14939,0.9985424689193703
50644,23312,0.0
50644,26692,0.0
50644,15184,0.0
50644,14231,0.0
50644,10687,0.0
50644,25037,1.0000000539928249
50644,10813,1.0000000452472404
50644,24059,0.0
50644,9471,0.0
50644,21712,0.01753473230313567
50644,49552,1.0000000092941939
50644,17319,0.9999999833676966
50644,17066,0.857567177829758
50644,50644,0.9999999999999999
50644,17652,0.0
50644,21014,0.9556680185606586
50644,67952,0.0
50644,6984,0.0
50644,6820,0.0
50644,24332,0.0
50644,46653,1.0000000118553178
50644,18906,0.9999999749318568
50644,54675,0.0
50644,6698,0.8550263642737079
50644,162760,0.7647778049295709
50644,12720,0.0
50644,11853,0.0
50644,73456,0.0
50644,58112,0.011247200618651556
50644,21672,0.011239474510787608
50644,20792,0.0
50644,25874,0.9999999993977009
50644,214651,0.0
50644,149310,0.02438898508798523
50644,36925,0.0
17652,16881,0.0
17652,56927,0.0
17652,213742,0.0
17652,16066,0.015614720970741408
17652,86047,0.5641005942031633
17652,34929,0.015610065305459863
17652,14554,0.01562340892912644
17652,45954,0.0
17652,8818,0.0
17652,11758,0.0
17652,26317,0.5641006315272382
17652,158727,0.05529084539888623
17652,9023,0.0
17652,14939,0.02835541569206003
17652,23312,0.0
17652,26692,0.8257060768187238
17652,15184,0.0
17652,14231,0.0
17652,10687,0.8257061255471502
17652,25037,0.0
17652,10813,0.0
17652,24059,0.0
17652,9471,0.3543332924190633
17652,21712,0.024367332778456756
17652,49552,0.0
17652,17319,0.0
17652,17066,0.42461132185342654
17652,50644,0.0
17652,17652,1.0000000155004152
17652,21014,0.2738968378448817
17652,67952,0.5641006278405467
17652,6984,0.8257060588337981
17652,6820,0.5311692680807609
17652,24332,0.0
17652,46653,0.0
17652,18906,0.0
17652,54675,0.0
17652,6698,0.5183468701641827
17652,162760,0.5320515074608506
17652,12720,0.0
17652,11853,0.0
17652,73456,0.564100604261228
17652,58112,0.015623761521008486
17652,21672,0.8316793745271552
17652,20792,0.8257060316614111
17652,25874,0.0
17652,214651,0.8257060882646244
17652,149310,0.5830508442254595
17652,36925,0.0
21014,16881,0.0177012720823648
21014,56927,0.9841901020876351
21014,213742,0.30966918331963317
21014,16066,0.02794400095581328
21014,86047,0.014148296379017369
21014,34929,0.027926708308786064
21014,14554,0.027938437919971946
21014,45954,0.984190099648784
21014,8818,0.014127074304453485
21014,11758,0.014132917718533441
21014,26317,0.014148296270536306
21014,158727,0.06293100073499544
21014,9023,0.014142505990733712
21014,14939,0.9880304122974886
21014,23312,0.014142505767043699
21014,26692,0.17369910545146347
21014,15184,0.014132917677234017
21014,14231,0.014132917651221665
21014,10687,0.17369911573719157
21014,25037,0.9841900711007163
21014,10813,0.9841901063096243
21014,24059,0.014142506663915094
21014,9471,0.08730162225509039
21014,21712,0.03565276394615848
21014,49552,0.9841901373239219
21014,17319,0.984190131307752
21014,17066,0.9333138208928503
21014,50644,0.9841900924730087
21014,17652,0.1513998814115461
21014,21014,0.9910840584980621
21014,67952,0.014148296111103376
21014,6984,0.1736991096346823
21014,6820,0.12254469554412172
21014,24332,0.014132916707857912
21014,46653,0.9841900952306255
21014,18906,0.9841901104234076
21014,54675,0.014132918031070123
21014,6698,0.9183093833616947
21014,162760,0.8644687571817554
21014,12720,0.016201994039261234
21014,11853,0.014132917976018743
21014,73456,0.01414829578249603
21014,58112,0.027952440858407007
21014,21672,0.1856369441316471
21014,20792,0.17369910884812795
21014,25874,0.9841901697991245
21014,214651,0.17369910439446623
21014,149310,0.044075612152701664
21014,36925,0.014132917275624445
67952,16881,0.0
67952,56927,0.0
67952,213742,0.0
67952,16066,0.011232856817129681
67952,86047,1.0000000130484503
67952,34929,0.011232326418807679
67952,14554,0.01124492440802349
67952,45954,0.0
67952,8818,0.0
67952,11758,0.0
67952,26317,0.9999999767729948
67952,158727,0.039787917433807045
67952,9023,0.0
67952,14939,0.02039213131486021
67952,23312,0.0
67952,26692,0.0
67952,15184,0.0
67952,14231,0.0
67952,10687,0.0
67952,25037,0.0
67952,10813,0.0
67952,24059,0.0
67952,9471,0.0
67952,21712,0.017530682464044767
67952,49552,0.0
67952,17319,0.0
67952,17066,0.0
67952,50644,0.0
67952,17652,0.5641729072374637
67952,21014,0.014968908302498656
67952,67952,1.0000000000000022
67952,6984,0.0
67952,6820,0.0
67952,24332,0.0
67952,46653,0.0
67952,18906,0.0
67952,54675,0.0
67952,6698,0.3082793164238968
67952,162760,0.0
67952,12720,0.0
67952,11853,0.0
67952,73456,0.999999958398295
67952,58112,0.01124533121021774
67952,21672,0.01123612995983436
67952,20792,0.0
67952,25874,0.0
67952,214651,0.0
67952,149310,0.9979206805715922
67952,36925,0.0
6984,16881,0.0
6984,56927,0.0
6984,213742,0.0
6984,16066,0.011236753297961082
6984,86047,0.0
6984,34929,0.011231484492415374
6984,14554,0.011239019616053647
6984,45954,0.0
6984,8818,0.0
6984,11758,0.0
6984,26317,0.0
6984,158727,0.0397798337685669
6984,9023,0.0
6984,14939,0.02040949383328323
6984,23312,0.0
6984,26692,0.9999999615862187
6984,15184,0.0
6984,14231,0.0
6984,10687,0.999999961247209
6984,25037,0.0
6984,10813,0.0
6984,24059,0.0
6984,9471,0.42908714595419517
6984,21712,0.017534372030687147
6984,49552,0.0
6984,17319,0.0
6984,17066,0.5143682338336971
6984,50644,0.0
6984,17652,0.8257291294266734
6984,21014,0.2675157879661144
6984,67952,0.0
6984,6984,1.000000000000002
6984,6820,0.6433177964331083
6984,24332,0.0
6984,46653,0.0
6984,18906,0.0
6984,54675,0.0
6984,6698,0.4169102066113885
6984,162760,0.6444304858297578
6984,12720,0.0
6984,11853,0.0
6984,73456,0.0
6984,58112,0.011239231533260959
6984,21672,0.9995579355963246
6984,20792,0.9999999580565798
6984,25874,0.0
6984,214651,0.9999999943681993
6984,149310,0.02437072063993689
6984,36925,0.0
6820,16881,0.2273496900383014
6820,56927,0.0
6820,213742,0.7300884688193854
6820,16066,0.015836062076659038
6820,86047,0.0
6820,34929,0.7724772064101897
6820,14554,0.01584036937518246
6820,45954,0.0
6820,8818,0.0
6820,11758,0.7655898985728928
6820,26317,0.0
6820,158727,0.056051025803594466
6820,9023,0.0
6820,14939,0.028743074294531618
6820,23312,0.0
6820,26692,0.6433289249657508
6820,15184,0.7655898973636122
6820,14231,0.7655898672276966
6820,10687,0.643328942628624
6820,25037,0.0
6820,10813,0.0
6820,24059,0.0
6820,9471,0.27605287737648615
6820,21712,0.024704548394706392
6820,49552,0.0
6820,17319,0.0
6820,17066,0.330922712887578
6820,50644,0.0
6820,17652,0.5311594421211001
6820,21014,0.2026035142526259
6820,67952,0.0
6820,6984,0.6433289476889896
6820,6820,1.0000000000122324
6820,24332,0.7655899042469768
6820,46653,0.0
6820,18906,0.0
6820,54675,0.7655899301208053
6820,6698,0.26826927949590573
6820,162760,0.41453092687103277
6820,12720,0.0
6820,11853,0.7655898789148176
6820,73456,0.0
6820,58112,0.015842491587359855
6820,21672,0.6516488430909132
6820,20792,0.643328950460228
6820,25874,0.0
6820,214651,0.6433289473004525
6820,149310,0.034328863789869365
6820,36925,0.765589913179644
24332,16881,0.296916387662459
24332,56927,0.0
24332,213742,0.9536402170582672
24332,16066,0.011242885698938145
24332,86047,0.0
24332,34929,0.9995582513139549
24332,14554,0.011247647106327745
24332,45954,0.0
24332,8818,0.0
24332,11758,0.9999999814243854
24332,26317,0.0
24332,158727,0.039785673884645864
24332,9023,0.0
24332,14939,0.02039357542927025
24332,23312,0.0
24332,26692,0.0
24332,15184,0.9999999753342466
24332,14231,0.9999999856259443
24332,10687,0.0
24332,25037,0.0
24332,10813,0.0
24332,24059,0.0
24332,9471,0.0
24332,21712,0.017534395486708362
24332,49552,0.0
24332,17319,0.0
24332,17066,0.0
24332,50644,0.0
24332,17652,0.0
24332,21014,0.015653153936626543
24332,67952,0.0
24332,6984,0.0
24332,6820,0.7656763081610505
24332,24332,1.0000000000015041
24332,46653,0.0
24332,18906,0.0
24332,54675,1.000000016627823
24332,6698,0.0
24332,162760,0.0
24332,12720,0.0
24332,11853,0.9999999801067906
24332,73456,0.0
24332,58112,0.011248762666337751
24332,21672,0.011238785131736036
24332,20792,0.0
24332,25874,0.0
24332,214651,0.0
24332,149310,0.02436081917001146
24332,36925,1.0000000002292528
46653,16881,0.0
46653,56927,1.0000000460990344
46653,213742,0.3008864411081765
46653,16066,0.01123981639229506
46653,86047,0.0
46653,34929,0.01123289186685135
46653,14554,0.01124752174368656
46653,45954,0.9999999871644398
46653,8818,0.0
46653,11758,0.0
46653,26317,0.0
46653,158727,0.03979123484633424
46653,9023,0.0
46653,14939,0.9985425489061228
46653,23312,0.0
46653,26692,0.0
46653,15184,0.0
46653,14231,0.0
46653,10687,0.0
46653,25037,0.9999999816106473
46653,10813,0.9999999932996756
46653,24059,0.0
46653,9471,0.0
46653,21712,0.017534763055193466
46653,49552,1.0000000251363224
46653,17319,1.000000014909484
46653,17066,0.8575515317765426
46653,50644,1.0000000093333938
46653,17652,0.0
46653,21014,0.9616833068494571
46653,67952,0.0
46653,6984,0.0
46653,6820,0.0
46653,24332,0.0
46653,46653,1.0000000325943896
46653,18906,0.9999999907775785
46653,54675,0.0
46653,6698,0.8549677682134426
46653,162760,0.7648085412792147
46653,12720,0.19695508484814342
46653,11853,0.0
46653,73456,0.0
46653,58112,0.011247222360428551
46653,21672,0.01123947544975106
46653,20792,0.0
46653,25874,0.9999999939908379
46653,214651,0.0
46653,149310,0.024388154910441464
46653,36925,0.0
18906,16881,0.0
18906,56927,0.9999999705688037
18906,213742,0.3009475703345511
18906,16066,0.011239809660537578
18906,86047,0.0
18906,34929,0.011232891333242812
18906,14554,0.011247656542591598
18906,45954,1.00000000709826
18906,8818,0.0
18906,11758,0.0
18906,26317,0.0
18906,158727,0.039791237699297835
18906,9023,0.0
18906,14939,0.9985424978606139
18906,23312,0.0
18906,26692,0.0
18906,15184,0.0
18906,14231,0.0
18906,10687,0.0
18906,25037,0.9999999770989126
18906,10813,0.9999999981278247
18906,24059,0.0
18906,9471,0.0
18906,21712,0.01753473020469813
18906,49552,0.9999999668876182
18906,17319,1.0000000072085475
18906,17066,0.8576099487109826
18906,50644,1.00000004045509
18906,17652,0.0
18906,21014,0.9104326237986586
18906,67952,0.0
18906,6984,0.0
18906,6820,0.0
18906,24332,0.0
18906,46653,0.9999999816598869
18906,18906,1.0000000000000093
18906,54675,0.0
18906,6698,0.8550405796848328
18906,162760,0.7647201080855418
18906,12720,0.19460272982233043
18906,11853,0.0
18906,73456,0.0
18906,58112,0.011247195301720551
18906,21672,0.011239474450996803
18906,20792,0.0
18906,25874,1.000000014504548
18906,214651,0.0
18906,149310,0.0243995857572414
18906,36925,0.0
54675,16881,0.2969457207020272
54675,56927,0.0
54675,213742,0.9536554006083415
54675,16066,0.011242401512493843
54675,86047,0.0
54675,34929,0.9995582562830796
54675,14554,0.011245935561038886
54675,45954,0.0
54675,8818,0.0
54675,11758,1.0000000443778345
54675,26317,0.0
54675,158727,0.039785676643066106
54675,9023,0.0
54675,14939,0.020393534794969713
54675,23312,0.0
54675,26692,0.0
54675,15184,1.0000000326675813
54675,14231,1.0000000000066631
54675,10687,0.0
54675,25037,0.0
54675,10813,0.0
54675,24059,0.0
54675,9471,0.0
54675,21712,0.017534395916523123
54675,49552,0.0
54675,17319,0.0
54675,17066,0.0
54675,50644,0.0
54675,17652,0.0
54675,21014,0.015617377304797881
54675,67952,0.0
54675,6984,0.0
54675,6820,0.7656131979816548
54675,24332,1.0000000331526464
54675,46653,0.0
54675,18906,0.0
54675,54675,1.0000000000000084
54675,6698,0.0
54675,162760,0.0
54675,12720,0.0
54675,11853,0.9999999898335286
54675,73456,0.0
54675,58112,0.011248761008178084
54675,21672,0.01123878492237879
54675,20792,0.0
54675,25874,0.0
54675,214651,0.0
54675,149310,0.024360831391432004
54675,36925,1.000000003999904
6698,16881,0.0
6698,56927,0.8550728730548245
6698,213742,0.2572879457305921
6698,16066,0.017758448616886968
6698,86047,0.30828463081152446
6698,34929,0.017750172712718035
6698,14554,0.017770851641648863
6698,45954,0.8550728936192117
6698,8818,0.0
6698,11758,0.0
6698,26317,0.30828462702181153
6698,158727,0.06287485362013756
6698,9023,0.0
6698,14939,0.8686221024713429
6698,23312,0.0
6698,26692,0.4169063314522288
6698,15184,0.0
6698,14231,0.0
6698,10687,0.4169063399982816
6698,25037,0.8550728959325764
6698,10813,0.8550729288078577
6698,24059,0.0
6698,9471,0.17884944811667744
6698,21712,0.02770811830182338
6698,49552,0.855072922681361
6698,17319,0.855072912922014
6698,17066,0.9477147398921266
6698,50644,0.8550729736753229
6698,17652,0.518148444434482
6698,21014,0.9505833439149562
6698,67952,0.3082846491137855
6698,6984,0.4169063452017561
6698,6820,0.2681665170143581
6698,24332,0.0
6698,46653,0.8550729189121582
6698,18906,0.8550729139069255
6698,54675,0.0
6698,6698,1.000000024863974
6698,162760,0.9225598937401648
6698,12720,0.11977473833709036
6698,11853,0.0
6698,73456,0.30828462841961196
6698,58112,0.01776961946435486
6698,21672,0.4297965539963966
6698,20792,0.41690633384165704
6698,25874,0.8550729350344293
6698,214651,0.4169063406741608
6698,149310,0.33865757693258586
6698,36925,0.0
162760,16881,0.0
162760,56927,0.7647716010226068
162760,213742,0.23012867588205346
162760,16066,0.015835748134405032
162760,86047,0.0
162760,34929,0.015827061323599477
162760,14554,0.015843179602769555
162760,45954,0.7647716433075457
162760,8818,0.0
162760,11758,0.0
162760,26317,0.0
162760,158727,0.056061400524531055
162760,9023,0.0
162760,14939,0.7768068613536909
162760,23312,0.0
162760,26692,0.6443014925175227
162760,15184,0.0
162760,14231,0.0
162760,10687,0.6443014781503983
162760,25037,0.764771620960928
162760,10813,0.7647716099176739
162760,24059,0.0
162760,9471,0.27645780137121645
162760,21712,0.024707492053226934
162760,49552,0.7647716111509609
162760,17319,0.7647716594635617
162760,17066,0.9872831519244152
162760,50644,0.7647716166624071
162760,17652,0.5320080144424417
162760,21014,0.8739309028362395
162760,67952,0.0
162760,6984,0.6443014854953658
162760,6820,0.4145109293954263
162760,24332,0.0
162760,46653,0.7647716286301931
162760,18906,0.7647716057984082
162760,54675,0.0
162760,6698,0.9225393376129323
162760,162760,1.0000000162138667
162760,12720,0.14981426098203304
162760,11853,0.0
162760,73456,0.0
162760,58112,0.015842988628163617
162760,21672,0.6526122789444642
162760,20792,0.6443014768204411
162760,25874,0.7647716485541795
162760,214651,0.6443014649782639
162760,149310,0.034353539532146406
162760,36925,0.0
12720,16881,0.15229669369895654
12720,56927,0.0
12720,213742,0.0
12720,16066,0.17051453818288978
12720,86047,0.0
12720,34929,0.012884417456217039
12720,14554,0.9885558537898608
12720,45954,0.0
12720,8818,0.9871991497577458
12720,11758,0.0
12720,26317,0.0
12720,158727,0.04561785423586291
12720,9023,0.15949251394242392
12720,14939,0.023376275704734422
12720,23312,0.1594925242004167
12720,26692,0.0
12720,15184,0.0
12720,14231,0.0
12720,10687,0.0
12720,25037,0.0
12720,10813,0.0
12720,24059,0.15949252505735165
12720,9471,0.14406633035175548
12720,21712,0.020098529161825585
12720,49552,0.0
12720,17319,0.0
12720,17066,0.0
12720,50644,0.0
12720,17652,0.0
12720,21014,0.01789191999316262
12720,67952,0.0
12720,6984,0.0
12720,6820,0.0
12720,24332,0.0
12720,46653,0.0
12720,18906,0.0
12720,54675,0.0
12720,6698,0.0
12720,162760,0.0
12720,12720,0.9686073271437677
12720,11853,0.0
12720,73456,0.0
12720,58112,0.17053545807062503
12720,21672,0.012884314015763796
12720,20792,0.0
12720,25874,0.0
12720,214651,0.0
12720,149310,0.027931956763156778
12720,36925,0.0
11853,16881,0.29708194296945195
11853,56927,0.0
11853,213742,0.9536501613063365
11853,16066,0.011242538380048666
11853,86047,0.0
11853,34929,0.9995582643596477
11853,14554,0.011246950795818125
11853,45954,0.0
11853,8818,0.0
11853,11758,1.0000000001705982
11853,26317,0.0
11853,158727,0.03978569729133489
11853,9023,0.0
11853,14939,0.020393459631386803
11853,23312,0.0
11853,26692,0.0
11853,15184,0.9999999899716826
11853,14231,1.0000000172177255
11853,10687,0.0
11853,25037,0.0
11853,10813,0.0
11853,24059,0.0
11853,9471,0.0
11853,21712,0.01753439723151897
11853,49552,0.0
11853,17319,0.0
11853,17066,0.0
11853,50644,0.0
11853,17652,0.0
11853,21014,0.015216038533393617
11853,67952,0.0
11853,6984,0.0
11853,6820,0.7656394656910711
11853,24332,1.0000000128802413
11853,46653,0.0
11853,18906,0.0
11853,54675,1.0000000238514648
11853,6698,0.0
11853,162760,0.0
11853,12720,0.0
11853,11853,0.9999999999999999
11853,73456,0.0
11853,58112,0.011248753179553097
11853,21672,0.011238787670103298
11853,20792,0.0
11853,25874,0.0
11853,214651,0.0
11853,149310,0.024360860592924815
11853,36925,1.000000014746214
73456,16881,0.0
73456,56927,0.0
73456,213742,0.0
73456,16066,0.011232855883057944
73456,86047,1.0000000204238289
73456,34929,0.011232325194484326
73456,14554,0.011244913171031419
73456,45954,0.0
73456,8818,0.0
73456,11758,0.0
73456,26317,0.9999999992852812
73456,158727,0.03978792124220027
73456,9023,0.0
73456,14939,0.020392110076019286
73456,23312,0.0
73456,26692,0.0
73456,15184,0.0
73456,14231,0.0
73456,10687,0.0
73456,25037,0.0
73456,10813,0.0
73456,24059,0.0
73456,9471,0.0
73456,21712,0.017530683006144042
73456,49552,0.0
73456,17319,0.0
73456,17066,0.0
73456,50644,0.0
73456,17652,0.5642059234003637
73456,21014,0.015757212288616478
73456,67952,0.999999978258496
73456,6984,0.0
73456,6820,0.0
73456,24332,0.0
73456,46653,0.0
73456,18906,0.0
73456,54675,0.0
73456,6698,0.3083770427401337
73456,162760,0.0
73456,12720,0.0
73456,11853,0.0
73456,73456,1.0000000000001248
73456,58112,0.011245257279502655
73456,21672,0.011236128454703509
73456,20792,0.0
73456,25874,0.0
73456,214651,0.0
73456,149310,0.9979208615447704
73456,36925,0.0
58112,16881,0.9578040330429191
58112,56927,0.011247194406256433
58112,213742,0.014111777162564227
58112,16066,1.0000000355527332
58112,86047,0.011245253514557582
58112,34929,0.023233616591863834
58112,14554,0.02325064144309294
58112,45954,0.01124719500397066
58112,8818,0.011257755878198796
58112,11758,0.011248749706152772
58112,26317,0.011245253671864111
58112,158727,0.05363613744943463
58112,9023,0.9995574278422351
58112,14939,0.032988917574630225
58112,23312,0.9995574087660262
58112,26692,0.011239230898303778
58112,15184,0.011248749555307495
58112,14231,0.011248749000597734
58112,10687,0.011239230931389076
58112,25037,0.011247194505236029
58112,10813,0.01124719499104329
58112,24059,0.9995574176187106
58112,9471,0.9077029544426225
58112,21712,0.02992776460232836
58112,49552,0.011247194477525055
58112,17319,0.011247194789557501
58112,17066,0.015426796331198799
58112,50644,0.011247195003405628
58112,17652,0.015623799044096168
58112,21014,0.03032819029749006
58112,67952,0.011245253622158016
58112,6984,0.01123923142402486
58112,6820,0.015842455636902925
58112,24332,0.01124874944915418
58112,46653,0.011247194631967761
58112,18906,0.011247194238657533
58112,54675,0.011248749174364773
58112,6698,0.01776978308765922
58112,162760,0.01584296358023803
58112,12720,0.013143680217150473
58112,11853,0.01124874962890043
58112,73456,0.011245253985806041
58112,58112,1.0000000346454947
58112,21672,0.02323410704820935
58112,20792,0.011239230858729523
58112,25874,0.011247194495989403
58112,214651,0.011239231535232453
58112,149310,0.037212366911791556
58112,36925,0.011248749744573804
21672,16881,0.01407841663008371
21672,56927,0.011239480984305144
21672,213742,0.014100013462720617
21672,16066,0.023231840791835517
21672,86047,0.011236137229614382
21672,34929,0.023217726052191773
21672,14554,0.0232212767610304
21672,45954,0.011239480708084807
21672,8818,0.011234265590055127
21672,11758,0.011238793225619955
21672,26317,0.011236137814174568
21672,158727,0.05361442335658162
21672,9023,0.01124759740218602
21672,14939,0.032998938115770725
21672,23312,0.011247597636034055
21672,26692,0.999557952781339
21672,15184,0.011238792779574855
21672,14231,0.011238792832107656
21672,10687,0.9995579600120695
21672,25037,0.011239480952616869
21672,10813,0.011239480816752832
21672,24059,0.011247597118703758
21672,9471,0.4391100479838092
21672,21712,0.02992840341877001
21672,49552,0.011239480464041834
21672,17319,0.011239481165083652
21672,17066,0.5237873580688097
21672,50644,0.011239480260050115
21672,17652,0.8316555764930859
21672,21014,0.08014869022644047
21672,67952,0.01123613737050559
21672,6984,0.9995579145969721
21672,6820,0.651521932206458
21672,24332,0.01123879249009191
21672,46653,0.011239480967621352
21672,18906,0.011239480922284483
21672,54675,0.011238792980642712
21672,6698,0.4298935796970986
21672,162760,0.6527375477957209
21672,12720,0.013154157282437627
21672,11853,0.011238792872248824
21672,73456,0.01123613779902665
21672,58112,0.023235005074582746
21672,21672,0.9999999653575549
21672,20792,0.999557950469034
21672,25874,0.011239481199146376
21672,214651,0.9995579378324968
21672,149310,0.03721521341334043
21672,36925,0.011238792540675424
20792,16881,0.0
20792,56927,0.0
20792,213742,0.0
20792,16066,0.011236757279324626
20792,86047,0.0
20792,34929,0.011231483429724996
20792,14554,0.011238999233393297
20792,45954,0.0
20792,8818,0.0
20792,11758,0.0
20792,26317,0.0
20792,158727,0.03977983460290182
20792,9023,0.0
20792,14939,0.020409546096388797
20792,23312,0.0
20792,26692,0.9999999635423032
20792,15184,0.0
20792,14231,0.0
20792,10687,1.0000000079240199
20792,25037,0.0
20792,10813,0.0
20792,24059,0.0
20792,9471,0.4290628920897222
20792,21712,0.017534368416499534
20792,49552,0.0
20792,17319,0.0
20792,17066,0.5142996040367886
20792,50644,0.0
20792,17652,0.8257232920044462
20792,21014,0.2551135379407608
20792,67952,0.0
20792,6984,1.000000006093227
20792,6820,0.6433476570513217
20792,24332,0.0
20792,46653,0.0
20792,18906,0.0
20792,54675,0.0
20792,6698,0.4169880976609731
20792,162760,0.6444580503951519
20792,12720,0.0
20792,11853,0.0
20792,73456,0.0
20792,58112,0.01123925125928838
20792,21672,0.999557954754691
20792,20792,1.000000000000021
20792,25874,0.0
20792,214651,0.9999999935514238
20792,149310,0.024370899708665336
20792,36925,0.0
25874,16881,0.0
25874,56927,1.0000000356488579
25874,213742,0.30099135835224894
25874,16066,0.011239810875077735
25874,86047,0.0
25874,34929,0.011232893994335198
25874,14554,0.011247450454373283
25874,45954,1.000000033180755
25874,8818,0.0
25874,11758,0.0
25874,26317,0.0
25874,158727,0.03979120569521369
25874,9023,0.0
25874,14939,0.9985425353302214
25874,23312,0.0
25874,26692,0.0
25874,15184,0.0
25874,14231,0.0
25874,10687,0.0
25874,25037,0.9999999902599862
25874,10813,1.0000000039121684
25874,24059,0.0
25874,9471,0.0
25874,21712,0.017534801099951192
25874,49552,0.9999999939979838
25874,17319,1.0000000086281384
25874,17066,0.8575650573797331
25874,50644,1.0000000217225233
25874,17652,0.0
25874,21014,0.9888752196115919
25874,67952,0.0
25874,6984,0.0
25874,6820,0.0
25874,24332,0.0
25874,46653,1.0000000239067381
25874,18906,0.9999999989008955
25874,54675,0.0
25874,6698,0.854954506155978
25874,162760,0.7648537730858473
25874,12720,0.0
25874,11853,0.0
25874,73456,0.0
25874,58112,0.011247195200055777
25874,21672,0.011239472497371856
25874,20792,0.0
25874,25874,1.0000000000002656
25874,214651,0.0
25874,149310,0.024388133372596175
25874,36925,0.0
214651,16881,0.0
214651,56927,0.0
214651,213742,0.0
214651,16066,0.011236754490140768
214651,86047,0.0
214651,34929,0.011231482860849525
214651,14554,0.011239015765583272
214651,45954,0.0
214651,8818,0.0
214651,11758,0.0
214651,26317,0.0
214651,158727,0.03977984371643031
214651,9023,0.0
214651,14939,0.02040950333132465
214651,23312,0.0
214651,26692,0.9999999869951681
214651,15184,0.0
214651,14231,0.0
214651,10687,0.9999999882690178
214651,25037,0.0
214651,10813,0.0
214651,24059,0.0
214651,9471,0.4291310417211054
214651,21712,0.017534343972625842
214651,49552,0.0
214651,17319,0.0
214651,17066,0.5142567059546829
214651,50644,0.0
214651,17652,0.8256463151557538
214651,21014,0.2805194413875995
214651,67952,0.0
214651,6984,0.9999999993646667
214651,6820,0.6432410854254528
214651,24332,0.0
214651,46653,0.0
214651,18906,0.0
214651,54675,0.0
214651,6698,0.41698324929433533
214651,162760,0.644179937359365
214651,12720,0.0
214651,11853,0.0
214651,73456,0.0
214651,58112,0.01123925103831612
214651,21672,0.9995579352758229
214651,20792,0.9999999647007888
214651,25874,0.0
214651,214651,1.0000000329277572
214651,149310,0.024370728896208598
214651,36925,0.0
149310,16881,0.030494922718759792
149310,56927,0.024388027165782672
149310,213742,0.03057200586227791
149310,16066,0.03719880944341774
149310,86047,0.9979208580585264
149310,34929,0.03720093454734313
149310,14554,0.037212543097397265
149310,45954,0.02438802752864036
149310,8818,0.024358882980828122
149310,11758,0.02436083340510119
149310,26317,0.9979208828235054
149310,158727,0.06972868139052792
149310,9023,0.02435770181882348
149310,14939,0.04768347515036795
149310,23312,0.024357701330325665
149310,26692,0.02437072130150566
149310,15184,0.02436083175588246
149310,14231,0.024360832748591788
149310,10687,0.02437072143479327
149310,25037,0.024388026563911744
149310,10813,0.024388027542217115
149310,24059,0.02435769961407678
149310,9471,0.03245841077122689
149310,21712,0.04437362653480253
149310,49552,0.024388026507040153
149310,17319,0.02438802690587211
149310,17066,0.03345162158067754
149310,50644,0.024388027262402637
149310,17652,0.5831237256765597
149310,21014,0.04831144217505384
149310,67952,0.9979208594342638
149310,6984,0.02437072284771934
149310,6820,0.03432857742316422
149310,24332,0.024360832418639313
149310,46653,0.02438802728472085
149310,18906,0.024388027044168082
149310,54675,0.024360833645191267
149310,6698,0.33880272901769115
149310,162760,0.034353723660363246
149310,12720,0.024358881767325483
149310,11853,0.02436083359105492
149310,73456,0.9979208699324045
149310,58112,0.03721220657377464
149310,21672,0.03721503634205401
149310,20792,0.02437072252006381
149310,25874,0.024388027672145055
149310,214651,0.02437072251763064
149310,149310,1.0000000000206763
149310,36925,0.024360832207132484
36925,16881,0.2969210043991174
36925,56927,0.0
36925,213742,0.9536281008650569
36925,16066,0.01124253895678779
36925,86047,0.0
36925,34929,0.9995582250686894
36925,14554,0.011246494834417342
36925,45954,0.0
36925,8818,0.0
36925,11758,1.0000000204832524
36925,26317,0.0
36925,158727,0.03978567586576919
36925,9023,0.0
36925,14939,0.020393486902014667
36925,23312,0.0
36925,26692,0.0
36925,15184,0.9999999948127107
36925,14231,0.9999999783468756
36925,10687,0.0
36925,25037,0.0
36925,10813,0.0
36925,24059,0.0
36925,9471,0.0
36925,21712,0.017534397646769707
36925,49552,0.0
36925,17319,0.0
36925,17066,0.0
36925,50644,0.0
36925,17652,0.0
36925,21014,0.015039972680102143
36925,67952,0.0
36925,6984,0.0
36925,6820,0.7655974136850167
36925,24332,1.0000000001910023
36925,46653,0.0
36925,18906,0.0
36925,54675,1.0000000047634756
36925,6698,0.0
36925,162760,0.0
36925,12720,0.0
36925,11853,1.0000000195513652
36925,73456,0.0
36925,58112,0.011250611199045302
36925,21672,0.011238802482000782
36925,20792,0.0
36925,25874,0.0
36925,214651,0.0
36925,149310,0.02436113036552129
36925,36925,1.0000000000000022
