recipe1_id,recipe2_id,lda_directions
16881,16881,1.0000000000000018
16881,56927,0.0
16881,213742,0.5327607300558584
16881,16066,0.0
16881,86047,0.0
16881,34929,0.0
16881,14554,0.0
16881,45954,0.0
16881,8818,0.0
16881,11758,0.0
16881,26317,0.0
16881,158727,0.0
16881,9023,0.0
16881,14939,0.0
16881,23312,0.0
16881,26692,0.0
16881,15184,0.0
16881,14231,0.0
16881,10687,0.0
16881,25037,0.0
16881,10813,0.0
16881,24059,0.0
16881,9471,0.0
16881,21712,0.0
16881,49552,0.0
16881,17319,0.9259165553852057
16881,17066,0.0
16881,50644,0.0
16881,17652,0.0
16881,21014,0.0
16881,67952,0.6618461066942105
16881,6984,0.0
16881,6820,0.0
16881,24332,0.0
16881,46653,0.0
16881,18906,0.0
16881,54675,0.0
16881,6698,0.0
16881,162760,0.45935639125931
16881,12720,0.0
16881,11853,0.0
16881,73456,0.0
16881,58112,0.0
16881,21672,0.0
16881,20792,0.0
16881,25874,0.0
16881,214651,0.0
16881,149310,0.0
16881,36925,0.8249342286268666
56927,16881,0.0
56927,56927,1.0000000000000018
56927,213742,0.0
56927,16066,0.0
56927,86047,0.0
56927,34929,0.0
56927,14554,0.710232076117591
56927,45954,0.0
56927,8818,0.0
56927,11758,0.0
56927,26317,0.8884071053736424
56927,158727,0.0
56927,9023,0.0
56927,14939,0.0
56927,23312,0.0
56927,26692,0.0
56927,15184,0.0
56927,14231,0.0
56927,10687,0.0
56927,25037,0.17060688371505542
56927,10813,0.0
56927,24059,0.0
56927,9471,0.0
56927,21712,0.0
56927,49552,0.0
56927,17319,0.0
56927,17066,0.0
56927,50644,0.0
56927,17652,0.0
56927,21014,0.0
56927,67952,0.0
56927,6984,0.0
56927,6820,0.0
56927,24332,0.0
56927,46653,0.0
56927,18906,0.0
56927,54675,0.0
56927,6698,0.0
56927,162760,0.0
56927,12720,0.0
56927,11853,0.0
56927,73456,0.7693677310000203
56927,58112,0.0
56927,21672,0.9999999967096882
56927,20792,0.0
56927,25874,0.9999999633178979
56927,214651,0.0
56927,149310,0.0
56927,36925,0.0
213742,16881,0.5279864473125199
213742,56927,0.0
213742,213742,0.9998701834622494
213742,16066,0.0
213742,86047,0.8051345792686164
213742,34929,0.0
213742,14554,0.0448570190742994
213742,45954,0.0
213742,8818,0.846859294985884
213742,11758,0.02518713553051793
213742,26317,0.36396357906828364
213742,158727,0.03938259819081913
213742,9023,0.846859229167287
213742,14939,0.0
213742,23312,0.32846242942970233
213742,26692,0.0
213742,15184,0.0637153762147756
213742,14231,0.0
213742,10687,0.0
213742,25037,0.06223148567583433
213742,10813,0.0
213742,24059,0.0
213742,9471,0.16548103131257225
213742,21712,0.0
213742,49552,0.0
213742,17319,0.4911596045299646
213742,17066,0.0
213742,50644,0.8468592742856292
213742,17652,0.846859290842808
213742,21014,0.6026950195407637
213742,67952,0.397233905787578
213742,6984,0.0
213742,6820,0.06371537403988183
213742,24332,0.07486995648372118
213742,46653,0.0
213742,18906,0.8051493315619173
213742,54675,0.06347293975306537
213742,6698,0.0
213742,162760,0.9928747735155138
213742,12720,0.3922287864901951
213742,11853,0.8468592956881851
213742,73456,0.39368605684164
213742,58112,0.8468593109356596
213742,21672,0.0
213742,20792,0.0
213742,25874,0.0
213742,214651,0.8468592714599955
213742,149310,0.0
213742,36925,0.8840253907543517
16066,16881,0.0
16066,56927,0.0
16066,213742,0.0
16066,16066,1.0000000000000078
16066,86047,0.0
16066,34929,0.4192678980495505
16066,14554,0.0
16066,45954,0.0
16066,8818,0.0
16066,11758,0.0
16066,26317,0.0
16066,158727,0.0
16066,9023,0.0
16066,14939,0.0
16066,23312,0.9220724239573291
16066,26692,0.0
16066,15184,0.0
16066,14231,0.9981623734429201
16066,10687,0.9940535015281105
16066,25037,0.0
16066,10813,0.0
16066,24059,0.0
16066,9471,0.0
16066,21712,0.0
16066,49552,0.0
16066,17319,0.0
16066,17066,0.0
16066,50644,0.0
16066,17652,0.0
16066,21014,0.7017614826409686
16066,67952,0.0
16066,6984,1.0000000158075777
16066,6820,0.0
16066,24332,0.8734473495636996
16066,46653,1.0000000215110734
16066,18906,0.0
16066,54675,0.0
16066,6698,0.0
16066,162760,0.0
16066,12720,0.06877626566571324
16066,11853,0.0
16066,73456,0.0
16066,58112,0.0
16066,21672,0.0
16066,20792,0.9999999809364114
16066,25874,0.0
16066,214651,0.0
16066,149310,0.0
16066,36925,0.0
86047,16881,0.0
86047,56927,0.0
86047,213742,0.8068309010873008
86047,16066,0.0
86047,86047,1.0000000270186593
86047,34929,0.0
86047,14554,0.27398770677784845
86047,45954,0.0
86047,8818,0.9211647765357476
86047,11758,0.0
86047,26317,0.39563455828116284
86047,158727,0.24110933323532086
86047,9023,0.9211647543442852
86047,14939,0.0
86047,23312,0.35986880348768246
86047,26692,0.0
86047,15184,0.3891727580730978
86047,14231,0.0
86047,10687,0.0
86047,25037,0.38021025366175265
86047,10813,0.0
86047,24059,0.0
86047,9471,0.18002736533385155
86047,21712,0.0
86047,49552,0.0
86047,17319,0.0
86047,17066,0.0
86047,50644,0.9211647798010331
86047,17652,0.9211647645528321
86047,21014,0.6560171856420071
86047,67952,0.2917194536893737
86047,6984,0.0
86047,6820,0.3891727788461539
86047,24332,0.22328748973788015
86047,46653,0.0
86047,18906,0.9999410906849501
86047,54675,0.38793934780462935
86047,6698,0.0
86047,162760,0.8132673786342741
86047,12720,0.4269272346071948
86047,11853,0.9211648269503555
86047,73456,0.4281117489467556
86047,58112,0.9211647634579329
86047,21672,0.0
86047,20792,0.0
86047,25874,0.0
86047,214651,0.9211647994350076
86047,149310,0.0
86047,36925,0.43315980699010975
34929,16881,0.0
34929,56927,0.0
34929,213742,0.0
34929,16066,0.4192472470902609
34929,86047,0.0
34929,34929,1.000000000001291
34929,14554,0.0
34929,45954,0.0
34929,8818,0.0
34929,11758,0.0
34929,26317,0.1431584720476448
34929,158727,0.0
34929,9023,0.0
34929,14939,0.0
34929,23312,0.38636013371143035
34929,26692,0.0
34929,15184,0.0
34929,14231,0.4180395905981659
34929,10687,0.4168698015437141
34929,25037,0.0
34929,10813,0.0
34929,24059,0.9078720674881714
34929,9471,0.0
34929,21712,0.9078720913786633
34929,49552,0.9078720885576791
34929,17319,0.3428667850532973
34929,17066,0.0
34929,50644,0.0
34929,17652,0.0
34929,21014,0.29522362788652706
34929,67952,0.0
34929,6984,0.41924721921387215
34929,6820,0.0
34929,24332,0.3656862933894401
34929,46653,0.41924725163090676
34929,18906,0.0
34929,54675,0.0
34929,6698,0.0
34929,162760,0.0
34929,12720,0.027726831182994207
34929,11853,0.0
34929,73456,0.0
34929,58112,0.0
34929,21672,0.0
34929,20792,0.4192472513673853
34929,25874,0.0
34929,214651,0.0
34929,149310,0.0
34929,36925,0.0
14554,16881,0.0
14554,56927,0.7102024163577506
14554,213742,0.035393026467575334
14554,16066,0.0
14554,86047,0.2746845094906406
14554,34929,0.0
14554,14554,0.9999990666373527
14554,45954,0.0
14554,8818,0.0
14554,11758,0.0
14554,26317,0.6309055572487997
14554,158727,0.4361779412646598
14554,9023,0.0
14554,14939,0.0
14554,23312,0.0
14554,26692,0.0
14554,15184,0.7039974784147459
14554,14231,0.0
14554,10687,0.0
14554,25037,0.8090508025350577
14554,10813,0.0
14554,24059,0.0
14554,9471,0.0
14554,21712,0.0
14554,49552,0.0
14554,17319,0.0
14554,17066,0.0
14554,50644,0.0
14554,17652,0.0
14554,21014,0.0
14554,67952,0.5277161443727904
14554,6984,0.0
14554,6820,0.7039974991296308
14554,24332,0.3338272758897687
14554,46653,0.0
14554,18906,0.26481454077375205
14554,54675,0.7015197468480556
14554,6698,0.0
14554,162760,0.0
14554,12720,0.0
14554,11853,0.0
14554,73456,0.5465110484146577
14554,58112,0.0
14554,21672,0.7102024377654637
14554,20792,0.0
14554,25874,0.7102024241684268
14554,214651,0.0
14554,149310,0.0
14554,36925,0.0
45954,16881,0.0
45954,56927,0.0
45954,213742,0.0
45954,16066,0.0
45954,86047,0.0
45954,34929,0.0
45954,14554,0.0
45954,45954,1.0000000000000002
45954,8818,0.0
45954,11758,0.0
45954,26317,0.0
45954,158727,0.7851541281352133
45954,9023,0.0
45954,14939,1.000000017427442
45954,23312,0.0
45954,26692,0.0
45954,15184,0.0
45954,14231,0.10226202534726536
45954,10687,0.11188681325681475
45954,25037,0.13045715620405993
45954,10813,1.0000000039719854
45954,24059,0.0
45954,9471,0.9807245248581182
45954,21712,0.0
45954,49552,0.0
45954,17319,0.0
45954,17066,1.000000019919546
45954,50644,0.0
45954,17652,0.0
45954,21014,0.0
45954,67952,0.0
45954,6984,0.0
45954,6820,0.0
45954,24332,0.0
45954,46653,0.0
45954,18906,0.0
45954,54675,0.0
45954,6698,1.0000000378995717
45954,162760,0.0
45954,12720,0.0
45954,11853,0.0
45954,73456,0.0
45954,58112,0.0
45954,21672,0.0
45954,20792,0.0
45954,25874,0.0
45954,214651,0.0
45954,149310,1.0000000425847868
45954,36925,0.0
8818,16881,0.0
8818,56927,0.0
8818,213742,0.8530905174626947
8818,16066,0.0
8818,86047,0.921042943202042
8818,34929,0.0
8818,14554,0.0
8818,45954,0.0
8818,8818,1.0
8818,11758,0.0
8818,26317,0.43090833491816427
8818,158727,0.0
8818,9023,0.9999999909579453
8818,14939,0.0
8818,23312,0.388188189853261
8818,26692,0.0
8818,15184,0.0
8818,14231,0.0
8818,10687,0.0
8818,25037,0.0
8818,10813,0.0
8818,24059,0.0
8818,9471,0.19538156878165672
8818,21712,0.0
8818,49552,0.0
8818,17319,0.0
8818,17066,0.0
8818,50644,0.9999999894485433
8818,17652,0.999999969296239
8818,21014,0.7130807399357302
8818,67952,0.0
8818,6984,0.0
8818,6820,0.0
8818,24332,0.046292957994254896
8818,46653,0.0
8818,18906,0.9260527547445633
8818,54675,0.0
8818,6698,0.0
8818,162760,0.8852984408834499
8818,12720,0.4641153501410079
8818,11853,0.9999999759070358
8818,73456,0.46704057751408407
8818,58112,0.9999999905364402
8818,21672,0.0
8818,20792,0.0
8818,25874,0.0
8818,214651,0.9999999689298752
8818,149310,0.0
8818,36925,0.5023586938714545
11758,16881,0.0
11758,56927,0.0
11758,213742,0.0
11758,16066,0.0
11758,86047,0.0
11758,34929,0.0
11758,14554,0.0
11758,45954,0.0
11758,8818,0.0
11758,11758,0.9999999721651466
11758,26317,0.0
11758,158727,0.0
11758,9023,0.0
11758,14939,0.0
11758,23312,0.0
11758,26692,0.9999999537646425
11758,15184,0.0
11758,14231,0.0
11758,10687,0.0
11758,25037,0.0
11758,10813,0.0
11758,24059,0.0
11758,9471,0.0
11758,21712,0.0
11758,49552,0.0
11758,17319,0.0
11758,17066,0.0
11758,50644,0.0
11758,17652,0.0
11758,21014,0.0
11758,67952,0.0
11758,6984,0.0
11758,6820,0.0
11758,24332,0.0
11758,46653,0.0
11758,18906,0.0
11758,54675,0.09117100882641525
11758,6698,0.0
11758,162760,0.05013034214919693
11758,12720,0.8826566876511105
11758,11853,0.0
11758,73456,0.4379887821228331
11758,58112,0.0
11758,21672,0.0
11758,20792,0.0
11758,25874,0.0
11758,214651,0.0
11758,149310,0.0
11758,36925,0.0
26317,16881,0.0
26317,56927,0.8880990778383427
26317,213742,0.3569207424616125
26317,16066,0.0
26317,86047,0.3950146741293445
26317,34929,0.14977185174806845
26317,14554,0.63072218202958
26317,45954,0.0
26317,8818,0.4290280063819328
26317,11758,0.0
26317,26317,0.9999999261323724
26317,158727,0.0
26317,9023,0.42902801166771937
26317,14939,0.0
26317,23312,0.16567150368395347
26317,26692,0.0
26317,15184,0.0
26317,14231,0.0
26317,10687,0.0
26317,25037,0.15207946067810665
26317,10813,0.0
26317,24059,0.16496944336440852
26317,9471,0.08384362496179747
26317,21712,0.16496944170772462
26317,49552,0.16496944192362736
26317,17319,0.06170694308892857
26317,17066,0.0
26317,50644,0.4290279958363821
26317,17652,0.4290280126685667
26317,21014,0.305533683717026
26317,67952,0.0
26317,6984,0.0
26317,6820,0.0
26317,24332,0.0246310175650039
26317,46653,0.0
26317,18906,0.39457618015271845
26317,54675,0.0
26317,6698,0.0
26317,162760,0.37911160249854875
26317,12720,0.199205658346425
26317,11853,0.4290280230470354
26317,73456,0.8809411827415449
26317,58112,0.4290280071942697
26317,21672,0.8880991370535745
26317,20792,0.0
26317,25874,0.8880990907413262
26317,214651,0.42902800300688787
26317,149310,0.0
26317,36925,0.2665436082314014
158727,16881,0.0
158727,56927,0.0
158727,213742,0.03404448346471371
158727,16066,0.0
158727,86047,0.2400448726605665
158727,34929,0.0
158727,14554,0.4361633845664834
158727,45954,0.7849486319980319
158727,8818,0.0
158727,11758,0.0
158727,26317,0.0
158727,158727,1.0000000000395806
158727,9023,0.0
158727,14939,0.7849486122678249
158727,23312,0.0
158727,26692,0.0
158727,15184,0.6195609207763352
158727,14231,0.07678296767923251
158727,10687,0.08157778260325382
158727,25037,0.7065326164001065
158727,10813,0.7849485640009819
158727,24059,0.0
158727,9471,0.7698148788067504
158727,21712,0.0
158727,49552,0.0
158727,17319,0.0
158727,17066,0.7849485566377915
158727,50644,0.0
158727,17652,0.0
158727,21014,0.0
158727,67952,0.4644387235531
158727,6984,0.0
158727,6820,0.6195609186559418
158727,24332,0.2974144373309724
158727,46653,0.0
158727,18906,0.238998329145927
158727,54675,0.6170084228654461
158727,6698,0.7849486305946034
158727,162760,0.0
158727,12720,0.0
158727,11853,0.0
158727,73456,0.0
158727,58112,0.0
158727,21672,0.0
158727,20792,0.0
158727,25874,0.0
158727,214651,0.0
158727,149310,0.7849485865994347
158727,36925,0.0
9023,16881,0.0
9023,56927,0.0
9023,213742,0.8554615131575585
9023,16066,0.0
9023,86047,0.9207619179713301
9023,34929,0.0
9023,14554,0.0
9023,45954,0.0
9023,8818,0.9999999882244338
9023,11758,0.0
9023,26317,0.42885448758065486
9023,158727,0.0
9023,9023,0.9999999999999999
9023,14939,0.0
9023,23312,0.39066291865036396
9023,26692,0.0
9023,15184,0.0
9023,14231,0.0
9023,10687,0.0
9023,25037,0.0
9023,10813,0.0
9023,24059,0.0
9023,9471,0.19539719886714593
9023,21712,0.0
9023,49552,0.0
9023,17319,0.0
9023,17066,0.0
9023,50644,1.0000000051442868
9023,17652,0.9999999812842412
9023,21014,0.7129546542420507
9023,67952,0.0
9023,6984,0.0
9023,6820,0.0
9023,24332,0.0
9023,46653,0.0
9023,18906,0.9184450173818888
9023,54675,0.0
9023,6698,0.0
9023,162760,0.8854112603058608
9023,12720,0.46700067235176407
9023,11853,0.9999999593910882
9023,73456,0.4656652242157855
9023,58112,0.9999999807094304
9023,21672,0.0
9023,20792,0.0
9023,25874,0.0
9023,214651,0.9999999791163529
9023,149310,0.0
9023,36925,0.5393688145740825
14939,16881,0.0
14939,56927,0.0
14939,213742,0.0
14939,16066,0.0
14939,86047,0.0
14939,34929,0.0
14939,14554,0.0
14939,45954,0.9999999852337832
14939,8818,0.0
14939,11758,0.0
14939,26317,0.0
14939,158727,0.7861613815892292
14939,9023,0.0
14939,14939,1.0000000000000075
14939,23312,0.0
14939,26692,0.0
14939,15184,0.0
14939,14231,0.0
14939,10687,0.1008170775677251
14939,25037,0.12903290767022776
14939,10813,0.9999999919303479
14939,24059,0.0
14939,9471,0.9807221318735562
14939,21712,0.0
14939,49552,0.0
14939,17319,0.0
14939,17066,0.9999999889086648
14939,50644,0.0
14939,17652,0.0
14939,21014,0.0
14939,67952,0.0
14939,6984,0.0
14939,6820,0.0
14939,24332,0.0
14939,46653,0.0
14939,18906,0.0
14939,54675,0.0
14939,6698,1.0000000301349337
14939,162760,0.0
14939,12720,0.0
14939,11853,0.0
14939,73456,0.0
14939,58112,0.0
14939,21672,0.0
14939,20792,0.0
14939,25874,0.0
14939,214651,0.0
14939,149310,1.0000000229487906
14939,36925,0.0
23312,16881,0.0
23312,56927,0.0
23312,213742,0.3242290341574789
23312,16066,0.9256126791517393
23312,86047,0.34857860908757143
23312,34929,0.3880636366524364
23312,14554,0.0
23312,45954,0.0
23312,8818,0.3784722508749898
23312,11758,0.0
23312,26317,0.162628561220683
23312,158727,0.0
23312,9023,0.37847225131900186
23312,14939,0.0
23312,23312,0.9999846216384454
23312,26692,0.0
23312,15184,0.0
23312,14231,0.9207498581044603
23312,10687,0.9209764012362928
23312,25037,0.0
23312,10813,0.0
23312,24059,0.0
23312,9471,0.07395598390324891
23312,21712,0.0
23312,49552,0.0
23312,17319,0.0
23312,17066,0.0
23312,50644,0.3784722451383112
23312,17652,0.3784722705921262
23312,21014,0.9196668563667949
23312,67952,0.0
23312,6984,0.9256126446748231
23312,6820,0.0
23312,24332,0.8240177392266721
23312,46653,0.9256126281034389
23312,18906,0.35209710428285385
23312,54675,0.0
23312,6698,0.0
23312,162760,0.33402558223659373
23312,12720,0.2389816005654283
23312,11853,0.37847225665551487
23312,73456,0.17598273373628587
23312,58112,0.37847225745370705
23312,21672,0.0
23312,20792,0.9256126482452945
23312,25874,0.0
23312,214651,0.3784722655790158
23312,149310,0.0
23312,36925,0.18940326354156894
26692,16881,0.0
26692,56927,0.0
26692,213742,0.0
26692,16066,0.0
26692,86047,0.0
26692,34929,0.0
26692,14554,0.0
26692,45954,0.0
26692,8818,0.0
26692,11758,1.0000000171206265
26692,26317,0.0
26692,158727,0.0
26692,9023,0.0
26692,14939,0.0
26692,23312,0.0
26692,26692,1.0000000000000073
26692,15184,0.0
26692,14231,0.0
26692,10687,0.0
26692,25037,0.0
26692,10813,0.0
26692,24059,0.0
26692,9471,0.0
26692,21712,0.0
26692,49552,0.0
26692,17319,0.0
26692,17066,0.0
26692,50644,0.0
26692,17652,0.0
26692,21014,0.0
26692,67952,0.0
26692,6984,0.0
26692,6820,0.0
26692,24332,0.0
26692,46653,0.0
26692,18906,0.0
26692,54675,0.06551328775182727
26692,6698,0.0
26692,162760,0.055681605293754106
26692,12720,0.8830101423589979
26692,11853,0.0
26692,73456,0.43734514397334256
26692,58112,0.0
26692,21672,0.0
26692,20792,0.0
26692,25874,0.0
26692,214651,0.0
26692,149310,0.0
26692,36925,0.0
15184,16881,0.0
15184,56927,0.0
15184,213742,0.07563985119884661
15184,16066,0.0
15184,86047,0.3904679453285517
15184,34929,0.0
15184,14554,0.703014992078452
15184,45954,0.0
15184,8818,0.0
15184,11758,0.0
15184,26317,0.0
15184,158727,0.6183508135370822
15184,9023,0.0
15184,14939,0.0
15184,23312,0.0
15184,26692,0.0
15184,15184,1.0000000000000167
15184,14231,0.0
15184,10687,0.0
15184,25037,0.9767762950642926
15184,10813,0.0
15184,24059,0.0
15184,9471,0.0
15184,21712,0.0
15184,49552,0.0
15184,17319,0.0
15184,17066,0.0
15184,50644,0.0
15184,17652,0.0
15184,21014,0.0
15184,67952,0.7494320745150937
15184,6984,0.0
15184,6820,1.0000000074105173
15184,24332,0.47336761639165637
15184,46653,0.0
15184,18906,0.3785693937028444
15184,54675,0.9969266563497916
15184,6698,0.0
15184,162760,0.0
15184,12720,0.0
15184,11853,0.0
15184,73456,0.0
15184,58112,0.0
15184,21672,0.0
15184,20792,0.0
15184,25874,0.0
15184,214651,0.0
15184,149310,0.0
15184,36925,0.0
14231,16881,0.0
14231,56927,0.0
14231,213742,0.0
14231,16066,0.9985579434018511
14231,86047,0.0
14231,34929,0.41859917730300383
14231,14554,0.0
14231,45954,0.05368500456623511
14231,8818,0.0
14231,11758,0.0
14231,26317,0.0
14231,158727,0.042140943820920006
14231,9023,0.0
14231,14939,0.053685003466445794
14231,23312,0.9213547271139908
14231,26692,0.0
14231,15184,0.0
14231,14231,0.9997007923688498
14231,10687,0.9985579180213958
14231,25037,0.006961858062954921
14231,10813,0.053685000322590694
14231,24059,0.0
14231,9471,0.05265028550736154
14231,21712,0.0
14231,49552,0.0
14231,17319,0.0
14231,17066,0.05368500153536311
14231,50644,0.0
14231,17652,0.0
14231,21014,0.7014327134804541
14231,67952,0.0
14231,6984,0.9985579174276005
14231,6820,0.0
14231,24332,0.8750784555187899
14231,46653,0.9985578811679632
14231,18906,0.0
14231,54675,0.0
14231,6698,0.05368500099351642
14231,162760,0.0
14231,12720,0.06355871344462441
14231,11853,0.0
14231,73456,0.0
14231,58112,0.0
14231,21672,0.0
14231,20792,0.998557920057325
14231,25874,0.0
14231,214651,0.0
14231,149310,0.05368500171955187
14231,36925,0.0
10687,16881,0.0
10687,56927,0.0
10687,213742,0.0
10687,16066,0.9940204502666216
10687,86047,0.0
10687,34929,0.41674240979153454
10687,14554,0.0
10687,45954,0.10919400689185411
10687,8818,0.0
10687,11758,0.0
10687,26317,0.0
10687,158727,0.08571044521269568
10687,9023,0.0
10687,14939,0.10919400150330726
10687,23312,0.9181198963490288
10687,26692,0.0
10687,15184,0.0
10687,14231,0.999682146088227
10687,10687,0.9999931360078979
10687,25037,0.014161984166100249
10687,10813,0.10919400360512996
10687,24059,0.0
10687,9471,0.10708943193332854
10687,21712,0.0
10687,49552,0.0
10687,17319,0.0
10687,17066,0.1091940026756362
10687,50644,0.0
10687,17652,0.0
10687,21014,0.6966492333204573
10687,67952,0.0
10687,6984,0.9940204739142375
10687,6820,0.0
10687,24332,0.866432774313163
10687,46653,0.9940204556624883
10687,18906,0.0
10687,54675,0.0
10687,6698,0.10919400437453688
10687,162760,0.0
10687,12720,0.06084008944483783
10687,11853,0.0
10687,73456,0.0
10687,58112,0.0
10687,21672,0.0
10687,20792,0.9940204904064516
10687,25874,0.0
10687,214651,0.0
10687,149310,0.10919400007160393
10687,36925,0.0
25037,16881,0.0
25037,56927,0.17041280356705252
25037,213742,0.0492706911970376
25037,16066,0.0
25037,86047,0.38113720936088386
25037,34929,0.0
25037,14554,0.8086050914289616
25037,45954,0.1305365232608392
25037,8818,0.0
25037,11758,0.0
25037,26317,0.15132414274177744
25037,158727,0.7096651824435348
25037,9023,0.0
25037,14939,0.13053652483829228
25037,23312,0.0
25037,26692,0.0
25037,15184,0.9766880939993615
25037,14231,0.011339003125100727
25037,10687,0.014143833950657636
25037,25037,0.9999992977739485
25037,10813,0.13053651963264032
25037,24059,0.0
25037,9471,0.12801971103976392
25037,21712,0.0
25037,49552,0.0
25037,17319,0.0
25037,17066,0.13053652072947317
25037,50644,0.0
25037,17652,0.0
25037,21014,0.0
25037,67952,0.732158672000628
25037,6984,0.0
25037,6820,0.9766880780674305
25037,24332,0.47518994542019133
25037,46653,0.0
25037,18906,0.37596265361698955
25037,54675,0.9734474206768822
25037,6698,0.13053652280499073
25037,162760,0.0
25037,12720,0.0
25037,11853,0.0
25037,73456,0.13104348095276236
25037,58112,0.0
25037,21672,0.17041281260002972
25037,20792,0.0
25037,25874,0.17041280880162146
25037,214651,0.0
25037,149310,0.13053652748056663
25037,36925,0.0
10813,16881,0.0
10813,56927,0.0
10813,213742,0.0
10813,16066,0.0
10813,86047,0.0
10813,34929,0.0
10813,14554,0.0
10813,45954,1.0000000056682834
10813,8818,0.0
10813,11758,0.0
10813,26317,0.0
10813,158727,0.78493151974114
10813,9023,0.0
10813,14939,0.9999999916529345
10813,23312,0.0
10813,26692,0.0
10813,15184,0.0
10813,14231,0.052502404503889474
10813,10687,0.11074484690967903
10813,25037,0.12955412588864085
10813,10813,1.0000000000000677
10813,24059,0.0
10813,9471,0.9807186418455867
10813,21712,0.0
10813,49552,0.0
10813,17319,0.0
10813,17066,0.9999999633145898
10813,50644,0.0
10813,17652,0.0
10813,21014,0.0
10813,67952,0.0
10813,6984,0.0
10813,6820,0.0
10813,24332,0.0
10813,46653,0.0
10813,18906,0.0
10813,54675,0.0
10813,6698,1.0000000306691628
10813,162760,0.0
10813,12720,0.0
10813,11853,0.0
10813,73456,0.0
10813,58112,0.0
10813,21672,0.0
10813,20792,0.0
10813,25874,0.0
10813,214651,0.0
10813,149310,1.0000000326806664
10813,36925,0.0
24059,16881,0.0
24059,56927,0.0
24059,213742,0.0
24059,16066,0.0
24059,86047,0.0
24059,34929,0.9078842703999155
24059,14554,0.0
24059,45954,0.0
24059,8818,0.0
24059,11758,0.0
24059,26317,0.1611553075271334
24059,158727,0.0
24059,9023,0.0
24059,14939,0.0
24059,23312,0.0
24059,26692,0.0
24059,15184,0.0
24059,14231,0.0
24059,10687,0.0
24059,25037,0.0
24059,10813,0.0
24059,24059,1.000000000000067
24059,9471,0.0
24059,21712,0.9999999923494114
24059,49552,0.9999999844092705
24059,17319,0.37451927140658775
24059,17066,0.0
24059,50644,0.0
24059,17652,0.0
24059,21014,0.0
24059,67952,0.0
24059,6984,0.0
24059,6820,0.0
24059,24332,0.0
24059,46653,0.0
24059,18906,0.0
24059,54675,0.0
24059,6698,0.0
24059,162760,0.0
24059,12720,0.0
24059,11853,0.0
24059,73456,0.0
24059,58112,0.0
24059,21672,0.0
24059,20792,0.0
24059,25874,0.0
24059,214651,0.0
24059,149310,0.0
24059,36925,0.0
9471,16881,0.0
9471,56927,0.0
9471,213742,0.16288795744297227
9471,16066,0.0
9471,86047,0.18000632929181892
9471,34929,0.0
9471,14554,0.0
9471,45954,0.9807183165848228
9471,8818,0.19542677045743237
9471,11758,0.0
9471,26317,0.08392415318638237
9471,158727,0.7698377339749001
9471,9023,0.19542676098570644
9471,14939,0.9807182604907104
9471,23312,0.07546551455301566
9471,26692,0.0
9471,15184,0.0
9471,14231,0.09698762770919768
9471,10687,0.10029698672649719
9471,25037,0.12753787948251985
9471,10813,0.9807182849593045
9471,24059,0.0
9471,9471,0.9999999569055464
9471,21712,0.0
9471,49552,0.0
9471,17319,0.0
9471,17066,0.9807182931975086
9471,50644,0.1954267700444769
9471,17652,0.19542677695081154
9471,21014,0.13916178961791273
9471,67952,0.0
9471,6984,0.0
9471,6820,0.0
9471,24332,0.012643856257171474
9471,46653,0.0
9471,18906,0.18054999022600493
9471,54675,0.0
9471,6698,0.980718239418951
9471,162760,0.1730495977820386
9471,12720,0.0903601140062398
9471,11853,0.19542677289823535
9471,73456,0.09095420701886839
9471,58112,0.19542676251217925
9471,21672,0.0
9471,20792,0.0
9471,25874,0.0
9471,214651,0.19542676352490052
9471,149310,0.9807182753373836
9471,36925,0.10480469703775669
21712,16881,0.0
21712,56927,0.0
21712,213742,0.0
21712,16066,0.0
21712,86047,0.0
21712,34929,0.9078659752462314
21712,14554,0.0
21712,45954,0.0
21712,8818,0.0
21712,11758,0.0
21712,26317,0.15979936709982484
21712,158727,0.0
21712,9023,0.0
21712,14939,0.0
21712,23312,0.0
21712,26692,0.0
21712,15184,0.0
21712,14231,0.0
21712,10687,0.0
21712,25037,0.0
21712,10813,0.0
21712,24059,1.0000000056801517
21712,9471,0.0
21712,21712,1.0000000313989994
21712,49552,1.0000000294037432
21712,17319,0.37347935214035255
21712,17066,0.0
21712,50644,0.0
21712,17652,0.0
21712,21014,0.0
21712,67952,0.0
21712,6984,0.0
21712,6820,0.0
21712,24332,0.0
21712,46653,0.0
21712,18906,0.0
21712,54675,0.0
21712,6698,0.0
21712,162760,0.0
21712,12720,0.0
21712,11853,0.0
21712,73456,0.0
21712,58112,0.0
21712,21672,0.0
21712,20792,0.0
21712,25874,0.0
21712,214651,0.0
21712,149310,0.0
21712,36925,0.0
49552,16881,0.0
49552,56927,0.0
49552,213742,0.0
49552,16066,0.0
49552,86047,0.0
49552,34929,0.9078588435517109
49552,14554,0.0
49552,45954,0.0
49552,8818,0.0
49552,11758,0.0
49552,26317,0.16238347397810773
49552,158727,0.0
49552,9023,0.0
49552,14939,0.0
49552,23312,0.0
49552,26692,0.0
49552,15184,0.0
49552,14231,0.0
49552,10687,0.0
49552,25037,0.0
49552,10813,0.0
49552,24059,0.9999999846813599
49552,9471,0.0
49552,21712,1.0000000175266368
49552,49552,1.000000000000017
49552,17319,0.3665604861517336
49552,17066,0.0
49552,50644,0.0
49552,17652,0.0
49552,21014,0.0
49552,67952,0.0
49552,6984,0.0
49552,6820,0.0
49552,24332,0.0
49552,46653,0.0
49552,18906,0.0
49552,54675,0.0
49552,6698,0.0
49552,162760,0.0
49552,12720,0.0
49552,11853,0.0
49552,73456,0.0
49552,58112,0.0
49552,21672,0.0
49552,20792,0.0
49552,25874,0.0
49552,214651,0.0
49552,149310,0.0
49552,36925,0.0
17319,16881,0.9303571974019131
17319,56927,0.0
17319,213742,0.48356525564979796
17319,16066,0.0
17319,86047,0.0
17319,34929,0.33287090620222265
17319,14554,0.0
17319,45954,0.0
17319,8818,0.0
17319,11758,0.0
17319,26317,0.05930075941403337
17319,158727,0.0
17319,9023,0.0
17319,14939,0.0
17319,23312,0.0
17319,26692,0.0
17319,15184,0.0
17319,14231,0.0
17319,10687,0.0
17319,25037,0.0
17319,10813,0.0
17319,24059,0.36665455794264845
17319,9471,0.0
17319,21712,0.3666545279512802
17319,49552,0.366654544000016
17319,17319,0.9999735686918564
17319,17066,0.0
17319,50644,0.0
17319,17652,0.0
17319,21014,0.0
17319,67952,0.6157993601530478
17319,6984,0.0
17319,6820,0.0
17319,24332,0.0
17319,46653,0.0
17319,18906,0.0
17319,54675,0.0
17319,6698,0.0
17319,162760,0.42951106000714834
17319,12720,0.0
17319,11853,0.0
17319,73456,0.0
17319,58112,0.0
17319,21672,0.0
17319,20792,0.0
17319,25874,0.0
17319,214651,0.0
17319,149310,0.0
17319,36925,0.7480825093923238
17066,16881,0.0
17066,56927,0.0
17066,213742,0.0
17066,16066,0.0
17066,86047,0.0
17066,34929,0.0
17066,14554,0.0
17066,45954,1.000000019919546
17066,8818,0.0
17066,11758,0.0
17066,26317,0.0
17066,158727,0.786250593117265
17066,9023,0.0
17066,14939,0.9999999889174936
17066,23312,0.0
17066,26692,0.0
17066,15184,0.0
17066,14231,0.03998512818335929
17066,10687,0.10896341183713901
17066,25037,0.13000239455549542
17066,10813,1.000000025917084
17066,24059,0.0
17066,9471,0.9807256933296844
17066,21712,0.0
17066,49552,0.0
17066,17319,0.0
17066,17066,1.0000000000000073
17066,50644,0.0
17066,17652,0.0
17066,21014,0.0
17066,67952,0.0
17066,6984,0.0
17066,6820,0.0
17066,24332,0.0
17066,46653,0.0
17066,18906,0.0
17066,54675,0.0
17066,6698,1.0000000080119562
17066,162760,0.0
17066,12720,0.0
17066,11853,0.0
17066,73456,0.0
17066,58112,0.0
17066,21672,0.0
17066,20792,0.0
17066,25874,0.0
17066,214651,0.0
17066,149310,0.9999999820447124
17066,36925,0.0
50644,16881,0.0
50644,56927,0.0
50644,213742,0.8457867646603002
50644,16066,0.0
50644,86047,0.9211220983611433
50644,34929,0.0
50644,14554,0.0
50644,45954,0.0
50644,8818,0.9999999873303217
50644,11758,0.0
50644,26317,0.43082490279322555
50644,158727,0.0
50644,9023,1.000000004965681
50644,14939,0.0
50644,23312,0.3850423329104431
50644,26692,0.0
50644,15184,0.0
50644,14231,0.0
50644,10687,0.0
50644,25037,0.0
50644,10813,0.0
50644,24059,0.0
50644,9471,0.19541984672041446
50644,21712,0.0
50644,49552,0.0
50644,17319,0.0
50644,17066,0.0
50644,50644,1.0000000000002245
50644,17652,0.999999988469925
50644,21014,0.7115725750304589
50644,67952,0.0
50644,6984,0.0
50644,6820,0.0
50644,24332,0.06731238908446624
50644,46653,0.0
50644,18906,0.924686039583733
50644,54675,0.0
50644,6698,0.0
50644,162760,0.8815513358218339
50644,12720,0.4675969527925369
50644,11853,0.9999999790372639
50644,73456,0.4653888980114704
50644,58112,0.999999988439894
50644,21672,0.0
50644,20792,0.0
50644,25874,0.0
50644,214651,0.9999999976973561
50644,149310,0.0
50644,36925,0.4777751212036528
17652,16881,0.0
17652,56927,0.0
17652,213742,0.8573692826123248
17652,16066,0.0
17652,86047,0.9212215126192865
17652,34929,0.0
17652,14554,0.0
17652,45954,0.0
17652,8818,0.9999999688037302
17652,11758,0.02303629581375008
17652,26317,0.430082261951354
17652,158727,0.0
17652,9023,0.9999999815361443
17652,14939,0.0
17652,23312,0.3838754799707248
17652,26692,0.0
17652,15184,0.0
17652,14231,0.0
17652,10687,0.0
17652,25037,0.0
17652,10813,0.0
17652,24059,0.0
17652,9471,0.19542131355810555
17652,21712,0.0
17652,49552,0.0
17652,17319,0.0
17652,17066,0.0
17652,50644,0.9999999893718273
17652,17652,1.0000000000000295
17652,21014,0.7107673998578373
17652,67952,0.0
17652,6984,0.0
17652,6820,0.0
17652,24332,0.04701926951858713
17652,46653,0.0
17652,18906,0.9220670807391835
17652,54675,0.0
17652,6698,0.0
17652,162760,0.8845481153608443
17652,12720,0.46362244408339043
17652,11853,1.0000000130217666
17652,73456,0.46592577727369067
17652,58112,0.9999999848344817
17652,21672,0.0
17652,20792,0.0
17652,25874,0.0
17652,214651,1.0000000260247353
17652,149310,0.0
17652,36925,0.5559018127845587
21014,16881,0.0
21014,56927,0.0
21014,213742,0.6006145798569041
21014,16066,0.7033417371479324
21014,86047,0.6545573916300195
21014,34929,0.29491042453088767
21014,14554,0.0
21014,45954,0.0
21014,8818,0.7108519087497601
21014,11758,0.0
21014,26317,0.30519334563352396
21014,158727,0.0
21014,9023,0.7108518826553848
21014,14939,0.0
21014,23312,0.9232195468019562
21014,26692,0.0
21014,15184,0.0
21014,14231,0.7001455052870569
21014,10687,0.6993966063439593
21014,25037,0.0
21014,10813,0.0
21014,24059,0.0
21014,9471,0.13889689394341517
21014,21712,0.0
21014,49552,0.0
21014,17319,0.0
21014,17066,0.0
21014,50644,0.7108519177343959
21014,17652,0.7108519024818417
21014,21014,0.9999938062591992
21014,67952,0.0
21014,6984,0.7033417184656987
21014,6820,0.0
21014,24332,0.6367847415367164
21014,46653,0.7033417398707102
21014,18906,0.6529238878277301
21014,54675,0.0
21014,6698,0.0
21014,162760,0.6291472176022579
21014,12720,0.3773446392631367
21014,11853,0.7108519065241546
21014,73456,0.33179801181600005
21014,58112,0.7108519147361928
21014,21672,0.0
21014,20792,0.7033417477671833
21014,25874,0.0
21014,214651,0.7108519065077369
21014,149310,0.0
21014,36925,0.3854976350938319
67952,16881,0.6618931179006902
67952,56927,0.0
67952,213742,0.3746377834433705
67952,16066,0.0
67952,86047,0.292508192549176
67952,34929,0.0
67952,14554,0.5277025215992993
67952,45954,0.0
67952,8818,0.0
67952,11758,0.0
67952,26317,0.0
67952,158727,0.4644445448620243
67952,9023,0.0
67952,14939,0.0
67952,23312,0.0
67952,26692,0.0
67952,15184,0.7495981762824042
67952,14231,0.0
67952,10687,0.0
67952,25037,0.7322443661940317
67952,10813,0.0
67952,24059,0.0
67952,9471,0.0
67952,21712,0.0
67952,49552,0.0
67952,17319,0.6129319990194539
67952,17066,0.0
67952,50644,0.0
67952,17652,0.0
67952,21014,0.0
67952,67952,0.9999999697176123
67952,6984,0.0
67952,6820,0.7495981786726158
67952,24332,0.3607491453451823
67952,46653,0.0
67952,18906,0.2901545316158064
67952,54675,0.7475059053781683
67952,6698,0.0
67952,162760,0.3057244928685956
67952,12720,0.0
67952,11853,0.0
67952,73456,0.0
67952,58112,0.0
67952,21672,0.0
67952,20792,0.0
67952,25874,0.0
67952,214651,0.0
67952,149310,0.0
67952,36925,0.5730176955323537
6984,16881,0.0
6984,56927,0.0
6984,213742,0.0
6984,16066,1.0000000135507046
6984,86047,0.0
6984,34929,0.4192727532464454
6984,14554,0.0
6984,45954,0.0
6984,8818,0.0
6984,11758,0.0
6984,26317,0.0
6984,158727,0.0
6984,9023,0.0
6984,14939,0.0
6984,23312,0.9210893410783088
6984,26692,0.0
6984,15184,0.0
6984,14231,0.9936338471787938
6984,10687,0.9942595495065824
6984,25037,0.0
6984,10813,0.0
6984,24059,0.0
6984,9471,0.0
6984,21712,0.0
6984,49552,0.0
6984,17319,0.0
6984,17066,0.0
6984,50644,0.0
6984,17652,0.0
6984,21014,0.702670172148597
6984,67952,0.0
6984,6984,1.0
6984,6820,0.0
6984,24332,0.8765451664605642
6984,46653,1.0000000007408925
6984,18906,0.0
6984,54675,0.0
6984,6698,0.0
6984,162760,0.0
6984,12720,0.06645501264063598
6984,11853,0.0
6984,73456,0.0
6984,58112,0.0
6984,21672,0.0
6984,20792,0.999999993257463
6984,25874,0.0
6984,214651,0.0
6984,149310,0.0
6984,36925,0.0
6820,16881,0.0
6820,56927,0.0
6820,213742,0.047565636383166195
6820,16066,0.0
6820,86047,0.38924636266869483
6820,34929,0.0
6820,14554,0.7040243370541132
6820,45954,0.0
6820,8818,0.0
6820,11758,0.0
6820,26317,0.0
6820,158727,0.6195664918370948
6820,9023,0.0
6820,14939,0.0
6820,23312,0.0
6820,26692,0.0
6820,15184,1.0000000050083513
6820,14231,0.0
6820,10687,0.0
6820,25037,0.9768307048878137
6820,10813,0.0
6820,24059,0.0
6820,9471,0.0
6820,21712,0.0
6820,49552,0.0
6820,17319,0.0
6820,17066,0.0
6820,50644,0.0
6820,17652,0.0
6820,21014,0.0
6820,67952,0.7496177366814643
6820,6984,0.0
6820,6820,1.000000000000002
6820,24332,0.4883260353544937
6820,46653,0.0
6820,18906,0.3999109201082856
6820,54675,0.997634595849894
6820,6698,0.0
6820,162760,0.0
6820,12720,0.0
6820,11853,0.0
6820,73456,0.0
6820,58112,0.0
6820,21672,0.0
6820,20792,0.0
6820,25874,0.0
6820,214651,0.0
6820,149310,0.0
6820,36925,0.0
24332,16881,0.0
24332,56927,0.0
24332,213742,0.06774324588940828
24332,16066,0.8746398419835542
24332,86047,0.23234169418208125
24332,34929,0.36665227057838523
24332,14554,0.33906598655704084
24332,45954,0.0
24332,8818,0.048844992866564595
24332,11758,0.0
24332,26317,0.020986313912808544
24332,158727,0.2988231701798982
24332,9023,0.048844994350911546
24332,14939,0.0
24332,23312,0.824395859123437
24332,26692,0.0
24332,15184,0.4823062252545666
24332,14231,0.8729880874532566
24332,10687,0.8697098018530512
24332,25037,0.4709914552619439
24332,10813,0.0
24332,24059,0.0
24332,9471,0.009546219290785552
24332,21712,0.0
24332,49552,0.0
24332,17319,0.0
24332,17066,0.0
24332,50644,0.04884499231501644
24332,17652,0.048844994371665736
24332,21014,0.6485681361813582
24332,67952,0.3615474380781792
24332,6984,0.8746398333655541
24332,6820,0.48230620607679614
24332,24332,0.998514461552106
24332,46653,0.8746398770191769
24332,18906,0.22542075770592965
24332,54675,0.48089890159826404
24332,6698,0.0
24332,162760,0.043231933453455794
24332,12720,0.08117211087347548
24332,11853,0.048844994038375625
24332,73456,0.02266464854235625
24332,58112,0.04884499163728118
24332,21672,0.0
24332,20792,0.8746398496453947
24332,25874,0.0
24332,214651,0.04884499519938327
24332,149310,0.0
24332,36925,0.023295744903548223
46653,16881,0.0
46653,56927,0.0
46653,213742,0.0
46653,16066,0.9999999715018325
46653,86047,0.0
46653,34929,0.4192676483038792
46653,14554,0.0
46653,45954,0.0
46653,8818,0.0
46653,11758,0.0
46653,26317,0.0
46653,158727,0.0
46653,9023,0.0
46653,14939,0.0
46653,23312,0.9214232175948952
46653,26692,0.0
46653,15184,0.0
46653,14231,0.9964349767206534
46653,10687,0.9942690503111992
46653,25037,0.0
46653,10813,0.0
46653,24059,0.0
46653,9471,0.0
46653,21712,0.0
46653,49552,0.0
46653,17319,0.0
46653,17066,0.0
46653,50644,0.0
46653,17652,0.0
46653,21014,0.7008329245834602
46653,67952,0.0
46653,6984,0.9999999908206785
46653,6820,0.0
46653,24332,0.8702729035043525
46653,46653,0.9999999683131066
46653,18906,0.0
46653,54675,0.0
46653,6698,0.0
46653,162760,0.0
46653,12720,0.06650256932882916
46653,11853,0.0
46653,73456,0.0
46653,58112,0.0
46653,21672,0.0
46653,20792,0.9999999850300698
46653,25874,0.0
46653,214651,0.0
46653,149310,0.0
46653,36925,0.0
18906,16881,0.0
18906,56927,0.0
18906,213742,0.8063243347615844
18906,16066,0.0
18906,86047,0.999995046550485
18906,34929,0.0
18906,14554,0.2713519175964181
18906,45954,0.0
18906,8818,0.9225066422499771
18906,11758,0.0
18906,26317,0.39514264642641933
18906,158727,0.23899370234890197
18906,9023,0.9225065854322765
18906,14939,0.0
18906,23312,0.3535420158145481
18906,26692,0.0
18906,15184,0.38598121627993687
18906,14231,0.0
18906,10687,0.0
18906,25037,0.3770168331019701
18906,10813,0.0
18906,24059,0.0
18906,9471,0.18024104557298515
18906,21712,0.0
18906,49552,0.0
18906,17319,0.0
18906,17066,0.0
18906,50644,0.9225066205427729
18906,17652,0.9225066643422732
18906,21014,0.6557103371096226
18906,67952,0.2893290822003157
18906,6984,0.0
18906,6820,0.38598124443573933
18906,24332,0.19441719831441936
18906,46653,0.0
18906,18906,0.9999999860634942
18906,54675,0.3850269615622979
18906,6698,0.0
18906,162760,0.8158234281895672
18906,12720,0.4299058190922518
18906,11853,0.922506633007092
18906,73456,0.4291520852917034
18906,58112,0.9225066000572614
18906,21672,0.0
18906,20792,0.0
18906,25874,0.0
18906,214651,0.9225065921318159
18906,149310,0.0
18906,36925,0.48774155119177304
54675,16881,0.0
54675,56927,0.0
54675,213742,0.07796360654093543
54675,16066,0.0
54675,86047,0.3897362832332587
54675,34929,0.0
54675,14554,0.7016123215124962
54675,45954,0.0
54675,8818,0.0
54675,11758,0.06409977731526535
54675,26317,0.0
54675,158727,0.6207225707294254
54675,9023,0.0
54675,14939,0.0
54675,23312,0.0
54675,26692,0.06416773062514229
54675,15184,0.9979390974225438
54675,14231,0.0
54675,10687,0.0
54675,25037,0.9747658144781429
54675,10813,0.0
54675,24059,0.0
54675,9471,0.0
54675,21712,0.0
54675,49552,0.0
54675,17319,0.0
54675,17066,0.0
54675,50644,0.0
54675,17652,0.0
54675,21014,0.0
54675,67952,0.7480464317342552
54675,6984,0.0
54675,6820,0.9979390890631435
54675,24332,0.4703029231390093
54675,46653,0.0
54675,18906,0.3756083535560037
54675,54675,0.9999643597709812
54675,6698,0.0
54675,162760,0.004370537795830852
54675,12720,0.05656103377149957
54675,11853,0.0
54675,73456,0.028013507860296185
54675,58112,0.0
54675,21672,0.0
54675,20792,0.0
54675,25874,0.0
54675,214651,0.0
54675,149310,0.0
54675,36925,0.0
6698,16881,0.0
6698,56927,0.0
6698,213742,0.0
6698,16066,0.0
6698,86047,0.0
6698,34929,0.0
6698,14554,0.0
6698,45954,0.9999999771929966
6698,8818,0.0
6698,11758,0.0
6698,26317,0.0
6698,158727,0.7849223559540915
6698,9023,0.0
6698,14939,0.9999999976696288
6698,23312,0.0
6698,26692,0.0
6698,15184,0.0
6698,14231,0.062035139657577607
6698,10687,0.10724164620139155
6698,25037,0.12738240610206544
6698,10813,0.9999999970444884
6698,24059,0.0
6698,9471,0.9807195840987408
6698,21712,0.0
6698,49552,0.0
6698,17319,0.0
6698,17066,0.9999999776639674
6698,50644,0.0
6698,17652,0.0
6698,21014,0.0
6698,67952,0.0
6698,6984,0.0
6698,6820,0.0
6698,24332,0.0
6698,46653,0.0
6698,18906,0.0
6698,54675,0.0
6698,6698,0.9999999695338591
6698,162760,0.0
6698,12720,0.0
6698,11853,0.0
6698,73456,0.0
6698,58112,0.0
6698,21672,0.0
6698,20792,0.0
6698,25874,0.0
6698,214651,0.0
6698,149310,0.9999999720385201
6698,36925,0.0
162760,16881,0.46290276688031545
162760,56927,0.0
162760,213742,0.994979567586355
162760,16066,0.0
162760,86047,0.8149063761874866
162760,34929,0.0
162760,14554,0.0
162760,45954,0.0
162760,8818,0.8843609079401938
162760,11758,0.07796988103764814
162760,26317,0.3808951748833397
162760,158727,0.0
162760,9023,0.8843609003446689
162760,14939,0.0
162760,23312,0.3414083083635821
162760,26692,0.06022254272242014
162760,15184,0.0
162760,14231,0.0
162760,10687,0.0
162760,25037,0.0
162760,10813,0.0
162760,24059,0.0
162760,9471,0.17280439493187233
162760,21712,0.0
162760,49552,0.0
162760,17319,0.42993871072278594
162760,17066,0.0
162760,50644,0.8843609368644714
162760,17652,0.884360931550576
162760,21014,0.6308396772297082
162760,67952,0.30639716941458905
162760,6984,0.0
162760,6820,0.0
162760,24332,0.058629291001899494
162760,46653,0.0
162760,18906,0.8240633425376567
162760,54675,0.004246346894155526
162760,6698,0.0
162760,162760,0.9999928729727572
162760,12720,0.46232638849343766
162760,11853,0.8843609220095642
162760,73456,0.4377556944639553
162760,58112,0.8843609713140601
162760,21672,0.0
162760,20792,0.0
162760,25874,0.0
162760,214651,0.8843609174554924
162760,149310,0.0
162760,36925,0.8533191899299437
12720,16881,0.0
12720,56927,0.0
12720,213742,0.39518579103484514
12720,16066,0.06162195449225822
12720,86047,0.4320499949761659
12720,34929,0.025835015560365954
12720,14554,0.0
12720,45954,0.0
12720,8818,0.46908272204058915
12720,11758,0.8913762051824587
12720,26317,0.20188020882603808
12720,158727,0.0
12720,9023,0.4690826942526722
12720,14939,0.0
12720,23312,0.23719018326487099
12720,26692,0.8810017933512418
12720,15184,0.0
12720,14231,0.06142910658980387
12720,10687,0.061280485812947615
12720,25037,0.0
12720,10813,0.0
12720,24059,0.0
12720,9471,0.09167168483174147
12720,21712,0.0
12720,49552,0.0
12720,17319,0.0
12720,17066,0.0
12720,50644,0.4690826973478904
12720,17652,0.46908273265325257
12720,21014,0.3774369544992719
12720,67952,0.0
12720,6984,0.06162194956139432
12720,6820,0.0
12720,24332,0.08050280043170989
12720,46653,0.061621951335474726
12720,18906,0.4314664677538205
12720,54675,0.06823003516689864
12720,6698,0.0
12720,162760,0.46438820229805605
12720,12720,0.9999934743624509
12720,11853,0.4690827130961858
12720,73456,0.6051329270000582
12720,58112,0.46908269896537763
12720,21672,0.0
12720,20792,0.06162195020102287
12720,25874,0.0
12720,214651,0.46908272527483535
12720,149310,0.0
12720,36925,0.26526726096692277
11853,16881,0.0
11853,56927,0.0
11853,213742,0.8613913538754565
11853,16066,0.0
11853,86047,0.9216528939909525
11853,34929,0.0
11853,14554,0.0
11853,45954,0.0
11853,8818,0.9999999959576708
11853,11758,0.0
11853,26317,0.42991483214426773
11853,158727,0.0
11853,9023,0.9999999830247607
11853,14939,0.0
11853,23312,0.388246483281907
11853,26692,0.0
11853,15184,0.0
11853,14231,0.0
11853,10687,0.0
11853,25037,0.0
11853,10813,0.0
11853,24059,0.0
11853,9471,0.19542708908701306
11853,21712,0.0
11853,49552,0.0
11853,17319,0.0
11853,17066,0.0
11853,50644,0.9999999786273303
11853,17652,1.000000007929333
11853,21014,0.7125158700817414
11853,67952,0.0
11853,6984,0.0
11853,6820,0.0
11853,24332,0.03751162988447978
11853,46653,0.0
11853,18906,0.9214130203109384
11853,54675,0.0
11853,6698,0.0
11853,162760,0.8826341064017501
11853,12720,0.46422360362409093
11853,11853,1.0000000000000018
11853,73456,0.466817077016696
11853,58112,1.000000008711387
11853,21672,0.0
11853,20792,0.0
11853,25874,0.0
11853,214651,0.9999999932238187
11853,149310,0.0
11853,36925,0.5687997179331191
73456,16881,0.0
73456,56927,0.7688251318310033
73456,213742,0.3964959665389098
73456,16066,0.0
73456,86047,0.42877730775908257
73456,34929,0.0
73456,14554,0.5461027637831473
73456,45954,0.0
73456,8818,0.46525694084117075
73456,11758,0.44685043799300384
73456,26317,0.8833023213279109
73456,158727,0.0
73456,9023,0.4652569746216061
73456,14939,0.0
73456,23312,0.1787453155686838
73456,26692,0.4386842323816673
73456,15184,0.0
73456,14231,0.0
73456,10687,0.0
73456,25037,0.13034122911259383
73456,10813,0.0
73456,24059,0.0
73456,9471,0.09091611481298031
73456,21712,0.0
73456,49552,0.0
73456,17319,0.0
73456,17066,0.0
73456,50644,0.4652569891976255
73456,17652,0.4652569588845963
73456,21014,0.331422157192389
73456,67952,0.0
73456,6984,0.0
73456,6820,0.0
73456,24332,0.031376932385672206
73456,46653,0.0
73456,18906,0.4301355884613963
73456,54675,0.032344041437815975
73456,6698,0.0
73456,162760,0.436288810449541
73456,12720,0.6030402227397367
73456,11853,0.4652569588770971
73456,73456,0.9999929077665037
73456,58112,0.4652569436080652
73456,21672,0.7688251282520867
73456,20792,0.0
73456,25874,0.7688251274195661
73456,214651,0.46525696794769417
73456,149310,0.0
73456,36925,0.274321190107329
58112,16881,0.0
58112,56927,0.0
58112,213742,0.8506593696517338
58112,16066,0.0
58112,86047,0.9215633695975475
58112,34929,0.0
58112,14554,0.0
58112,45954,0.0
58112,8818,1.000000003817445
58112,11758,0.0
58112,26317,0.43126105614175525
58112,158727,0.0
58112,9023,0.9999999794377397
58112,14939,0.0
58112,23312,0.3845726774838118
58112,26692,0.0
58112,15184,0.0
58112,14231,0.0
58112,10687,0.0
58112,25037,0.0
58112,10813,0.0
58112,24059,0.0
58112,9471,0.19570474129411758
58112,21712,0.0
58112,49552,0.0
58112,17319,0.0
58112,17066,0.0
58112,50644,0.9999999896853856
58112,17652,1.0000000455827778
58112,21014,0.712141689987054
58112,67952,0.0
58112,6984,0.0
58112,6820,0.0
58112,24332,0.053389790618407595
58112,46653,0.0
58112,18906,0.9255013055210911
58112,54675,0.0
58112,6698,0.0
58112,162760,0.8848386903127008
58112,12720,0.46331495246978527
58112,11853,1.0000000084999658
58112,73456,0.46476677846968467
58112,58112,1.0000000000000078
58112,21672,0.0
58112,20792,0.0
58112,25874,0.0
58112,214651,1.0000000221539314
58112,149310,0.0
58112,36925,0.4702754431508634
21672,16881,0.0
21672,56927,0.9999999725178889
21672,213742,0.0
21672,16066,0.0
21672,86047,0.0
21672,34929,0.0
21672,14554,0.7111074541369182
21672,45954,0.0
21672,8818,0.0
21672,11758,0.0
21672,26317,0.8879856170198867
21672,158727,0.0
21672,9023,0.0
21672,14939,0.0
21672,23312,0.0
21672,26692,0.0
21672,15184,0.0
21672,14231,0.0
21672,10687,0.0
21672,25037,0.16989399490595036
21672,10813,0.0
21672,24059,0.0
21672,9471,0.0
21672,21712,0.0
21672,49552,0.0
21672,17319,0.0
21672,17066,0.0
21672,50644,0.0
21672,17652,0.0
21672,21014,0.0
21672,67952,0.0
21672,6984,0.0
21672,6820,0.0
21672,24332,0.0
21672,46653,0.0
21672,18906,0.0
21672,54675,0.0
21672,6698,0.0
21672,162760,0.0
21672,12720,0.0
21672,11853,0.0
21672,73456,0.7692366614004168
21672,58112,0.0
21672,21672,0.999999969029585
21672,20792,0.0
21672,25874,1.000000006395805
21672,214651,0.0
21672,149310,0.0
21672,36925,0.0
20792,16881,0.0
20792,56927,0.0
20792,213742,0.0
20792,16066,0.9999999799926304
20792,86047,0.0
20792,34929,0.41922221263206033
20792,14554,0.0
20792,45954,0.0
20792,8818,0.0
20792,11758,0.0
20792,26317,0.0
20792,158727,0.0
20792,9023,0.0
20792,14939,0.0
20792,23312,0.9232960950763306
20792,26692,0.0
20792,15184,0.0
20792,14231,0.9985876583310896
20792,10687,0.9946132645019454
20792,25037,0.0
20792,10813,0.0
20792,24059,0.0
20792,9471,0.0
20792,21712,0.0
20792,49552,0.0
20792,17319,0.0
20792,17066,0.0
20792,50644,0.0
20792,17652,0.0
20792,21014,0.702297152687459
20792,67952,0.0
20792,6984,1.0000000037802386
20792,6820,0.0
20792,24332,0.8748882526480883
20792,46653,1.0000000547413146
20792,18906,0.0
20792,54675,0.0
20792,6698,0.0
20792,162760,0.0
20792,12720,0.07126605653119049
20792,11853,0.0
20792,73456,0.0
20792,58112,0.0
20792,21672,0.0
20792,20792,1.000000000000461
20792,25874,0.0
20792,214651,0.0
20792,149310,0.0
20792,36925,0.0
25874,16881,0.0
25874,56927,0.9999999885300311
25874,213742,0.0
25874,16066,0.0
25874,86047,0.0
25874,34929,0.0
25874,14554,0.7111051249249982
25874,45954,0.0
25874,8818,0.0
25874,11758,0.0
25874,26317,0.8882805407031209
25874,158727,0.0
25874,9023,0.0
25874,14939,0.0
25874,23312,0.0
25874,26692,0.0
25874,15184,0.0
25874,14231,0.0
25874,10687,0.0
25874,25037,0.17044493916403158
25874,10813,0.0
25874,24059,0.0
25874,9471,0.0
25874,21712,0.0
25874,49552,0.0
25874,17319,0.0
25874,17066,0.0
25874,50644,0.0
25874,17652,0.0
25874,21014,0.0
25874,67952,0.0
25874,6984,0.0
25874,6820,0.0
25874,24332,0.0
25874,46653,0.0
25874,18906,0.0
25874,54675,0.0
25874,6698,0.0
25874,162760,0.0
25874,12720,0.0
25874,11853,0.0
25874,73456,0.7693042516534936
25874,58112,0.0
25874,21672,1.000000005562485
25874,20792,0.0
25874,25874,1.0
25874,214651,0.0
25874,149310,0.0
25874,36925,0.0
214651,16881,0.0
214651,56927,0.0
214651,213742,0.8513182141229163
214651,16066,0.0
214651,86047,0.9203523641892725
214651,34929,0.0
214651,14554,0.0
214651,45954,0.0
214651,8818,0.9999999687403459
214651,11758,0.0
214651,26317,0.4307295440988302
214651,158727,0.0
214651,9023,0.9999999794099467
214651,14939,0.0
214651,23312,0.38489549003583906
214651,26692,0.0
214651,15184,0.0
214651,14231,0.0
214651,10687,0.0
214651,25037,0.0
214651,10813,0.0
214651,24059,0.0
214651,9471,0.19539509381687245
214651,21712,0.0
214651,49552,0.0
214651,17319,0.0
214651,17066,0.0
214651,50644,0.9999999978472651
214651,17652,1.0000000256960009
214651,21014,0.7121549112198621
214651,67952,0.0
214651,6984,0.0
214651,6820,0.0
214651,24332,0.03981107250152515
214651,46653,0.0
214651,18906,0.9177020235097164
214651,54675,0.0
214651,6698,0.0
214651,162760,0.8850952797192835
214651,12720,0.46386306353596807
214651,11853,0.9999999686602223
214651,73456,0.4662721302380682
214651,58112,1.0000000242258966
214651,21672,0.0
214651,20792,0.0
214651,25874,0.0
214651,214651,1.0000000000000167
214651,149310,0.0
214651,36925,0.567252944435677
149310,16881,0.0
149310,56927,0.0
149310,213742,0.0
149310,16066,0.0
149310,86047,0.0
149310,34929,0.0
149310,14554,0.0
149310,45954,1.0000000425847868
149310,8818,0.0
149310,11758,0.0
149310,26317,0.0
149310,158727,0.7860365503356143
149310,9023,0.0
149310,14939,1.0000000175289576
149310,23312,0.0
149310,26692,0.0
149310,15184,0.0
149310,14231,0.06270633644145336
149310,10687,0.09425094704489102
149310,25037,0.13033897040269446
149310,10813,0.9999999710956465
149310,24059,0.0
149310,9471,0.9807269376053894
149310,21712,0.0
149310,49552,0.0
149310,17319,0.0
149310,17066,0.999999979532476
149310,50644,0.0
149310,17652,0.0
149310,21014,0.0
149310,67952,0.0
149310,6984,0.0
149310,6820,0.0
149310,24332,0.0
149310,46653,0.0
149310,18906,0.0
149310,54675,0.0
149310,6698,0.9999999971163019
149310,162760,0.0
149310,12720,0.0
149310,11853,0.0
149310,73456,0.0
149310,58112,0.0
149310,21672,0.0
149310,20792,0.0
149310,25874,0.0
149310,214651,0.0
149310,149310,1.0000000000000022
149310,36925,0.0
36925,16881,0.8313016318135882
36925,56927,0.0
36925,213742,0.9066123610313327
36925,16066,0.0
36925,86047,0.5119776957643902
36925,34929,0.0
36925,14554,0.0
36925,45954,0.0
36925,8818,0.5558216217676734
36925,11758,0.0
36925,26317,0.2391262369889629
36925,158727,0.0
36925,9023,0.5558216226064486
36925,14939,0.0
36925,23312,0.21240056174247673
36925,26692,0.0
36925,15184,0.0
36925,14231,0.0
36925,10687,0.0
36925,25037,0.0
36925,10813,0.0
36925,24059,0.0
36925,9471,0.10860851494110867
36925,21712,0.0
36925,49552,0.0
36925,17319,0.7717336878223956
36925,17066,0.0
36925,50644,0.555821612929309
36925,17652,0.5558216365669729
36925,21014,0.39636061249248655
36925,67952,0.5502185050271902
36925,6984,0.0
36925,6820,0.0
36925,24332,0.027455290608735264
36925,46653,0.0
36925,18906,0.5114652175971494
36925,54675,0.0
36925,6698,0.0
36925,162760,0.876345622979116
36925,12720,0.2557353519155966
36925,11853,0.555821606283445
36925,73456,0.2603888887318904
36925,58112,0.5558216031632933
36925,21672,0.0
36925,20792,0.0
36925,25874,0.0
36925,214651,0.5558216100559936
36925,149310,0.0
36925,36925,0.9999985558262747
